id,PatientId,Created,PhoneNumber,Address_Line1,Address_Line2,Address_Line3,Address_Line4
1,111,0001-01-01 00:00:00.0000000 +00:00,07932 633380,16/7 Chapel Lane,NULL,Edinburgh,EH6 6SG
2,112,0001-01-01 00:00:00.0000000 +00:00,07932 633380,16/7 Chapel Lane,NULL,Edinburgh,EH6 6SG
3,113,0001-01-01 00:00:00.0000000 +00:00,7123456789,1,Home,Edinburgh,EH61JD
4,114,2019-07-22 21:03:16.7620227 +00:00,1315551234,Leith Assembly Rooms,43 Constitution Street,Edinburgh,EH6 7BG
5,115,2019-07-23 15:55:43.0747471 +00:00,07932 633380,16/7 Chapel Lane,NULL,Edinburgh,EH6 6SG
6,116,2019-07-29 08:33:35.7846198 +00:00,1315611250,43 Constitution Street,NULL,Edinburgh,Eh67BG
7,117,2019-08-14 15:43:06.1245640 +01:00,NULL,"""><body onload=alert(1)","""><body onload=alert(1)","""><body onload=alert(1)","""><body onload=alert(1)"
8,118,2019-08-14 15:43:33.9201923 +01:00,NULL,NULL,NULL,NULL,NULL
9,119,2019-08-16 12:25:45.6982925 +01:00,7932633380,NULL,NULL,NULL,NULL
10,120,2019-08-16 12:44:09.7670695 +01:00,7932633380,16/7 Chapel Lane,NULL,Edinburgh,EH6 6SG
11,121,2019-08-16 12:45:33.0395450 +01:00,7932633380,16/7 Chapel Lane Edinburgh EH6 6SG,NULL,NULL,NULL
12,122,2019-08-16 17:23:15.8859411 +01:00,7919050118,NULL,NULL,NULL,NULL
13,123,2019-08-20 12:24:57.3213395 +01:00,7496282996,16/7 Chapel Lane Edinburgh EH6 6SG,NULL,NULL,NULL
14,124,2019-08-26 14:46:04.8850622 +01:00,7932633380,16/7 Chapel Lane Edinburgh EH6 6SG,NULL,NULL,NULL
15,125,2019-08-29 09:46:11.0023285 +01:00,7578815892,90,Howdenburn Court,Jedburgh,EH61JD
16,126,2019-09-18 11:22:28.3289540 +01:00,7932633380,16/7 Chapel Lane  ,NULL,Edinburgh,EH6 6SG
17,127,2019-09-26 11:13:40.6184871 +01:00,7932633380,16/7 Chapel Lane,NULL,Edinburgh,EH6 6SG
18,128,2019-11-15 14:33:42.9888554 +00:00,7932633380,16/7 Chapel Lane,NULL,Edinburgh,EH6 6SG
19,129,2019-11-24 16:39:44.2192369 +00:00,1414516088,1345 Govan Road,NULL,Glasgow,G514TF
20,130,2019-12-13 17:08:06.1981893 +00:00,7932633380,16/7 Chapel Lane,NULL,Edinburgh,EH6 6SG
21,131,2020-01-28 10:58:45.9808230 +00:00,7932633380,16/7 Chapel Lane,NULL,Edinburgh,EH6 6SG
22,132,2020-05-18 15:43:02.6316326 +01:00,4.48E+11,43 Consitution Street,NULL,NULL,NULL
23,133,2020-07-03 15:33:12.7580357 +01:00,1111111111,NULL,NULL,NULL,NULL
24,134,2020-07-06 15:25:04.4307585 +01:00,11111111111111s,NULL,NULL,NULL,NULL
25,135,2020-07-07 13:40:14.7803113 +01:00,NotAPhoneNumber,NULL,NULL,NULL,NULL
26,136,2020-07-07 15:29:58.7877373 +01:00,NotAPhoneNumber,0 Somewhere,Under the stairs,Edinburgh,EH000AH
27,137,2020-08-19 15:51:24.4254300 +01:00,4.48E+11,Constitution street,NULL,Edinburgh,EH6 6SG
28,138,2020-09-11 13:33:37.0248810 +01:00,4.48E+11,43 Constitution Street,NULL,Edinburgh,EH6
29,139,2020-09-11 14:17:37.2984394 +01:00,4.48E+11,43 Constitution Street,NULL,Edinburgh,EH6
30,140,2020-09-11 15:00:24.2248854 +01:00,4.48E+11,43 Constitution Street,NULL,Edinburgh,EH6
31,141,2020-09-11 15:12:45.2797563 +01:00,4.48E+11,43 Constitution Street,NULL,Edinburgh,EH6
32,142,2020-09-11 17:02:51.4653774 +01:00,4.48E+11,43 Constitution Street,NULL,Edinburgh,EH6
33,143,2020-09-11 17:43:10.0812960 +01:00,4.48E+11,43 Constitution Street,NULL,Edinburgh,EH6
34,144,2020-09-16 13:23:42.4271251 +01:00,4.48E+11,43 Constitution Street,NULL,Edinburgh,EH6
35,145,2020-09-16 14:25:31.3082325 +01:00,4.48E+11,43 Constitution Street,NULL,Edinburgh,EH6
36,146,2020-09-16 14:48:33.7557684 +01:00,4.48E+11,43 Constitution Street,NULL,Edinburgh,EH6
37,147,2020-09-16 15:37:36.0137957 +01:00,4.48E+11,43 Constitution Street,NULL,Edinburgh,EH6
38,148,2020-09-16 15:39:31.3359412 +01:00,4.48E+11,43 Constitution Street,NULL,Edinburgh,EH6
39,149,2020-09-16 15:45:42.3693040 +01:00,4.48E+11,43 Constitution Street,NULL,Edinburgh,EH6
40,150,2020-09-16 15:58:26.4520413 +01:00,4.48E+11,43 Constitution Street,NULL,Edinburgh,EH6
41,151,2020-09-16 16:05:43.9609558 +01:00,4.48E+11,43 Constitution Street,NULL,Edinburgh,EH6
42,152,2020-09-16 16:15:37.4127312 +01:00,4.48E+11,43 Constitution Street,NULL,Edinburgh,EH6
43,153,2020-09-16 16:17:11.2785037 +01:00,4.48E+11,43 Constitution Street,NULL,Edinburgh,EH6
44,154,2020-09-16 16:18:43.0925635 +01:00,4.48E+11,43 Constitution Street,NULL,Edinburgh,EH6
45,155,2020-09-16 16:19:36.5950338 +01:00,4.48E+11,43 Constitution Street,NULL,Edinburgh,EH6
46,156,2020-09-17 13:54:19.6904762 +01:00,4.48E+11,43 Constitution Street,NULL,Edinburgh,EH6
47,157,2020-09-17 14:15:25.7714232 +01:00,4.48E+11,43 Constitution Street,NULL,Edinburgh,EH6
48,158,2020-09-22 14:10:19.3518730 +01:00,4.48E+11,43 Constitution Street,NULL,Edinburgh,EH6
49,159,2020-09-22 14:29:44.2103699 +01:00,4.48E+11,43 Constitution Street,NULL,Edinburgh,EH6
50,160,2020-09-22 14:43:32.2834686 +01:00,4.48E+11,43 Constitution Street,NULL,Edinburgh,EH6
51,161,2020-09-22 14:53:12.3885188 +01:00,4.48E+11,43 Constitution Street,NULL,Edinburgh,EH6
52,162,2020-09-22 15:28:46.1191307 +01:00,4.48E+11,43 Constitution Street,NULL,Edinburgh,EH6
53,163,2020-09-23 18:07:07.4529193 +01:00,4.48E+11,43 Constitution Street,NULL,Edinburgh,EH6
54,164,2020-09-23 18:13:19.3235804 +01:00,4.48E+11,43 Constitution Street,NULL,Edinburgh,EH6
55,165,2020-09-23 18:16:36.7208942 +01:00,4.48E+11,43 Constitution Street,NULL,Edinburgh,EH6
56,166,2020-09-23 18:20:01.0459549 +01:00,4.48E+11,43 Constitution Street,NULL,Edinburgh,EH6
57,167,2020-09-24 10:14:55.9996765 +01:00,0131 561 1250,NULL,NULL,NULL,NULL
58,168,2020-09-25 14:26:23.8251796 +01:00,4.48E+11,43 Constitution Street,NULL,Edinburgh,EH6
59,169,2020-09-25 16:44:49.5484887 +01:00,4.48E+11,43 Constitution Street,NULL,Edinburgh,EH6
60,170,2020-09-25 17:06:13.5937104 +01:00,4.48E+11,43 Constitution Street,NULL,Edinburgh,EH6
61,171,2020-09-28 14:08:48.8849467 +01:00,4.48E+11,43 Constitution Street,NULL,Edinburgh,EH6
62,172,2020-09-28 14:17:52.0239500 +01:00,4.48E+11,43 Constitution Street,NULL,Edinburgh,EH6
63,173,2020-09-29 13:21:00.8997659 +01:00,4.48E+11,43 Constitution Street,NULL,Edinburgh,EH6
64,174,2020-09-30 15:12:43.9788640 +01:00,4.48E+11,43 Constitution Street,NULL,Edinburgh,EH6
65,175,2020-10-02 15:18:48.6539966 +01:00,4.48E+11,43 Constitution Street,NULL,Edinburgh,EH6
66,176,2020-10-05 13:00:32.0506670 +01:00,4.48E+11,43 Constitution Street,NULL,Edinburgh,EH6
67,177,2020-10-05 13:12:04.2226622 +01:00,4.48E+11,43 Constitution Street,NULL,Edinburgh,EH6
68,178,2020-10-05 14:46:36.7528385 +01:00,4.48E+11,43 Constitution Street,NULL,Edinburgh,EH6
69,179,2020-10-05 15:02:25.6126231 +01:00,4.48E+11,43 Constitution Street,NULL,Edinburgh,EH6
70,180,2020-10-05 15:55:31.6603846 +01:00,4.48E+11,43 Constitution Street,NULL,Edinburgh,EH6
71,181,2020-10-06 08:03:11.6041332 +01:00,4.48E+11,43 Constitution Street,NULL,Edinburgh,EH6
72,182,2020-10-06 09:02:43.8471734 +01:00,4.48E+11,43 Constitution Street,NULL,Edinburgh,EH6
73,183,2020-10-07 08:03:57.6839725 +01:00,4.48E+11,43 Constitution Street,NULL,Edinburgh,EH6
74,184,2020-10-07 09:02:47.3968856 +01:00,4.48E+11,43 Constitution Street,NULL,Edinburgh,EH6
75,185,2020-10-08 08:03:58.2523185 +01:00,4.48E+11,43 Constitution Street,NULL,Edinburgh,EH6
76,186,2020-10-08 09:03:36.4699948 +01:00,4.48E+11,43 Constitution Street,NULL,Edinburgh,EH6
77,187,2020-10-09 08:03:08.9489644 +01:00,4.48E+11,43 Constitution Street,NULL,Edinburgh,EH6
78,188,2020-10-09 09:02:57.8868529 +01:00,4.48E+11,43 Constitution Street,NULL,Edinburgh,EH6
79,189,2020-10-09 17:59:08.2101896 +01:00,NULL,1 Street Road,Place Ville,Here,AB1 4FG
80,190,2020-10-13 08:02:44.9372255 +01:00,4.48E+11,43 Constitution Street,NULL,Edinburgh,EH6
81,191,2020-10-13 09:02:20.3250653 +01:00,4.48E+11,43 Constitution Street,NULL,Edinburgh,EH6
82,192,2020-10-15 14:48:37.2760256 +01:00,4.48E+11,43 Constitution Street,NULL,Edinburgh,EH6
83,193,2020-10-15 14:51:29.9231499 +01:00,4.48E+11,43 Constitution Street,NULL,Edinburgh,EH6
84,194,2020-10-15 14:58:20.3662393 +01:00,4.48E+11,43 Constitution Street,NULL,Edinburgh,EH6
85,195,2020-10-15 15:01:04.5930251 +01:00,4.48E+11,43 Constitution Street,NULL,Edinburgh,EH6
86,196,2020-10-15 15:05:44.3123188 +01:00,4.48E+11,43 Constitution Street,NULL,Edinburgh,EH6
87,197,2020-10-15 17:40:36.4169313 +01:00,4.48E+11,43 Constitution Street,NULL,Edinburgh,EH6
88,198,2020-10-15 17:41:47.8356137 +01:00,4.48E+11,43 Constitution Street,NULL,Edinburgh,EH6
89,199,2020-10-15 17:44:34.9518371 +01:00,4.48E+11,43 Constitution Street,NULL,Edinburgh,EH6
90,200,2020-10-15 17:46:38.0271957 +01:00,4.48E+11,43 Constitution Street,NULL,Edinburgh,EH6
91,201,2020-10-15 17:50:59.2277219 +01:00,4.48E+11,43 Constitution Street,NULL,Edinburgh,EH6
92,202,2020-10-15 17:52:05.2364508 +01:00,4.48E+11,43 Constitution Street,NULL,Edinburgh,EH6
93,203,2020-10-15 17:54:22.7744660 +01:00,4.48E+11,43 Constitution Street,NULL,Edinburgh,EH6
94,204,2020-10-15 17:56:25.6368574 +01:00,4.48E+11,43 Constitution Street,NULL,Edinburgh,EH6
95,205,2020-10-15 18:21:45.1543229 +01:00,4.48E+11,43 Constitution Street,NULL,Edinburgh,EH6
96,206,2020-10-15 19:18:33.1031900 +01:00,4.48E+11,43 Constitution Street,NULL,Edinburgh,EH6
97,207,2020-10-15 20:18:01.0471617 +01:00,4.48E+11,43 Constitution Street,NULL,Edinburgh,EH6
98,208,2020-10-15 21:17:10.8260953 +01:00,4.48E+11,43 Constitution Street,NULL,Edinburgh,EH6
99,209,2020-10-15 22:17:35.8672654 +01:00,4.48E+11,43 Constitution Street,NULL,Edinburgh,EH6
100,210,2020-10-15 23:17:28.3927017 +01:00,4.48E+11,43 Constitution Street,NULL,Edinburgh,EH6
101,211,2020-10-16 00:17:22.9457612 +01:00,4.48E+11,43 Constitution Street,NULL,Edinburgh,EH6
102,212,2020-10-16 01:17:14.2091817 +01:00,4.48E+11,43 Constitution Street,NULL,Edinburgh,EH6
103,213,2020-10-16 02:17:30.5859941 +01:00,4.48E+11,43 Constitution Street,NULL,Edinburgh,EH6
104,214,2020-10-16 03:17:35.4814894 +01:00,4.48E+11,43 Constitution Street,NULL,Edinburgh,EH6
105,215,2020-10-16 04:17:47.2491353 +01:00,4.48E+11,43 Constitution Street,NULL,Edinburgh,EH6
106,216,2020-10-16 05:18:21.9639221 +01:00,4.48E+11,43 Constitution Street,NULL,Edinburgh,EH6
107,217,2020-10-16 06:17:33.1398681 +01:00,4.48E+11,43 Constitution Street,NULL,Edinburgh,EH6
108,218,2020-10-16 07:17:35.3882651 +01:00,4.48E+11,43 Constitution Street,NULL,Edinburgh,EH6
109,219,2020-10-16 08:08:13.7599966 +01:00,4.48E+11,43 Constitution Street,NULL,Edinburgh,EH6
110,220,2020-10-16 08:17:49.6490587 +01:00,4.48E+11,43 Constitution Street,NULL,Edinburgh,EH6
111,221,2020-10-16 09:02:32.0397073 +01:00,4.48E+11,43 Constitution Street,NULL,Edinburgh,EH6
112,222,2020-10-16 09:17:14.4630468 +01:00,4.48E+11,43 Constitution Street,NULL,Edinburgh,EH6
113,223,2020-10-16 10:17:31.7222344 +01:00,4.48E+11,43 Constitution Street,NULL,Edinburgh,EH6
114,224,2020-10-16 11:12:29.3147551 +01:00,4.48E+11,43 Constitution Street,NULL,Edinburgh,EH6
115,225,2020-10-17 08:05:13.4482864 +01:00,4.48E+11,43 Constitution Street,NULL,Edinburgh,EH6
116,226,2020-10-17 09:02:44.5087554 +01:00,4.48E+11,43 Constitution Street,NULL,Edinburgh,EH6
117,227,2020-10-18 08:03:31.4620046 +01:00,4.48E+11,43 Constitution Street,NULL,Edinburgh,EH6
118,228,2020-10-18 09:02:27.0414110 +01:00,4.48E+11,43 Constitution Street,NULL,Edinburgh,EH6
119,229,2020-10-19 08:06:12.5479583 +01:00,4.48E+11,43 Constitution Street,NULL,Edinburgh,EH6
120,230,2020-10-19 09:02:36.8190147 +01:00,4.48E+11,43 Constitution Street,NULL,Edinburgh,EH6
121,231,2020-10-20 08:03:30.6702376 +01:00,4.48E+11,43 Constitution Street,NULL,Edinburgh,EH6
122,232,2020-10-20 09:02:22.6563220 +01:00,4.48E+11,43 Constitution Street,NULL,Edinburgh,EH6
123,233,2020-10-21 08:04:41.6653814 +01:00,4.48E+11,43 Constitution Street,NULL,Edinburgh,EH6
124,234,2020-10-21 09:02:05.9059926 +01:00,4.48E+11,43 Constitution Street,NULL,Edinburgh,EH6
125,235,2020-10-22 08:03:48.8730225 +01:00,4.48E+11,43 Constitution Street,NULL,Edinburgh,EH6
126,236,2020-10-22 09:02:32.7524523 +01:00,4.48E+11,43 Constitution Street,NULL,Edinburgh,EH6
127,237,2020-10-23 08:04:44.8325855 +01:00,4.48E+11,43 Constitution Street,NULL,Edinburgh,EH6
128,238,2020-10-23 09:02:08.4521836 +01:00,4.48E+11,43 Constitution Street,NULL,Edinburgh,EH6
129,239,2020-10-24 08:03:49.1275795 +01:00,4.48E+11,43 Constitution Street,NULL,Edinburgh,EH6
130,240,2020-10-24 09:02:24.5081800 +01:00,4.48E+11,43 Constitution Street,NULL,Edinburgh,EH6
131,241,2020-10-25 07:04:52.3642068 +00:00,4.48E+11,43 Constitution Street,NULL,Edinburgh,EH6
132,242,2020-10-25 08:02:11.4455457 +00:00,4.48E+11,43 Constitution Street,NULL,Edinburgh,EH6
133,243,2020-10-26 07:03:32.0713568 +00:00,4.48E+11,43 Constitution Street,NULL,Edinburgh,EH6
134,244,2020-10-26 08:02:52.2187626 +00:00,4.48E+11,43 Constitution Street,NULL,Edinburgh,EH6
135,245,2020-10-27 07:04:47.2105674 +00:00,4.48E+11,43 Constitution Street,NULL,Edinburgh,EH6
136,246,2020-10-27 08:02:18.3298554 +00:00,4.48E+11,43 Constitution Street,NULL,Edinburgh,EH6
137,247,2020-10-28 07:03:29.4736339 +00:00,4.48E+11,43 Constitution Street,NULL,Edinburgh,EH6
138,248,2020-10-28 08:02:38.0539410 +00:00,4.48E+11,43 Constitution Street,NULL,Edinburgh,EH6
139,249,2020-10-29 07:04:39.4512137 +00:00,4.48E+11,43 Constitution Street,NULL,Edinburgh,EH6
140,250,2020-10-29 08:02:12.8189177 +00:00,4.48E+11,43 Constitution Street,NULL,Edinburgh,EH6
141,251,2020-10-30 07:03:19.8039321 +00:00,4.48E+11,43 Constitution Street,NULL,Edinburgh,EH6
142,252,2020-10-30 08:02:00.8322971 +00:00,4.48E+11,43 Constitution Street,NULL,Edinburgh,EH6
143,253,2020-10-30 14:42:39.0902186 +00:00,4.48E+11,43 Constitution Street,NULL,Edinburgh,EH6
144,254,2020-10-31 07:04:44.5308647 +00:00,4.48E+11,43 Constitution Street,NULL,Edinburgh,EH6
145,255,2020-10-31 08:02:18.4879464 +00:00,4.48E+11,43 Constitution Street,NULL,Edinburgh,EH6
146,256,2020-11-01 07:03:06.0315400 +00:00,4.48E+11,43 Constitution Street,NULL,Edinburgh,EH6
147,257,2020-11-01 08:02:04.8562543 +00:00,4.48E+11,43 Constitution Street,NULL,Edinburgh,EH6
148,258,2020-11-02 07:04:51.3049098 +00:00,4.48E+11,43 Constitution Street,NULL,Edinburgh,EH6
149,259,2020-11-02 08:02:20.5127057 +00:00,4.48E+11,43 Constitution Street,NULL,Edinburgh,EH6
150,260,2020-11-02 18:04:28.6756821 +00:00,4.48E+11,43 Constitution Street,NULL,Edinburgh,EH6
151,261,2020-11-03 07:03:10.2441107 +00:00,4.48E+11,43 Constitution Street,NULL,Edinburgh,EH6
152,262,2020-11-03 08:02:09.8035244 +00:00,4.48E+11,43 Constitution Street,NULL,Edinburgh,EH6
153,263,2020-11-04 07:05:01.8051883 +00:00,4.48E+11,43 Constitution Street,NULL,Edinburgh,EH6
154,264,2020-11-04 08:02:30.4723219 +00:00,4.48E+11,43 Constitution Street,NULL,Edinburgh,EH6
155,265,2020-11-04 11:58:29.3473956 +00:00,4.48E+11,43 Constitution Street,NULL,Edinburgh,EH6
156,266,2020-11-04 12:05:51.6159574 +00:00,4.48E+11,43 Constitution Street,NULL,Edinburgh,EH6
157,267,2020-11-04 12:06:56.8025326 +00:00,4.48E+11,43 Constitution Street,NULL,Edinburgh,EH6
158,268,2020-11-05 07:03:24.7372288 +00:00,4.48E+11,43 Constitution Street,NULL,Edinburgh,EH6
159,269,2020-11-05 08:02:14.9900073 +00:00,4.48E+11,43 Constitution Street,NULL,Edinburgh,EH6
160,270,2020-11-06 07:04:48.9027495 +00:00,4.48E+11,43 Constitution Street,NULL,Edinburgh,EH6
161,271,2020-11-06 08:02:02.9030184 +00:00,4.48E+11,43 Constitution Street,NULL,Edinburgh,EH6
162,272,2020-11-07 07:03:20.1806645 +00:00,4.48E+11,43 Constitution Street,NULL,Edinburgh,EH6
163,273,2020-11-07 08:02:20.3327126 +00:00,4.48E+11,43 Constitution Street,NULL,Edinburgh,EH6
164,274,2020-11-08 07:04:37.9859942 +00:00,4.48E+11,43 Constitution Street,NULL,Edinburgh,EH6
165,275,2020-11-08 08:02:06.2758714 +00:00,4.48E+11,43 Constitution Street,NULL,Edinburgh,EH6
166,276,2020-11-09 07:03:35.1513136 +00:00,4.48E+11,43 Constitution Street,NULL,Edinburgh,EH6
167,277,2020-11-09 08:02:26.2172041 +00:00,4.48E+11,43 Constitution Street,NULL,Edinburgh,EH6
168,278,2020-11-10 07:05:04.3030578 +00:00,4.48E+11,43 Constitution Street,NULL,Edinburgh,EH6
169,279,2020-11-10 08:02:17.8822077 +00:00,4.48E+11,43 Constitution Street,NULL,Edinburgh,EH6
170,280,2020-11-11 07:03:35.0402365 +00:00,4.48E+11,43 Constitution Street,NULL,Edinburgh,EH6
171,281,2020-11-11 08:02:35.4200941 +00:00,4.48E+11,43 Constitution Street,NULL,Edinburgh,EH6
172,282,2020-11-12 15:39:08.8595576 +00:00,4.48E+11,43 Constitution Street,NULL,Edinburgh,EH6
173,283,2020-11-17 12:34:29.4781818 +00:00,4.48E+11,43 Constitution Street,NULL,Edinburgh,EH6
174,284,2020-11-18 07:02:29.2971962 +00:00,4.48E+11,43 Constitution Street,NULL,Edinburgh,EH6
175,285,2020-11-18 08:03:09.4114424 +00:00,4.48E+11,43 Constitution Street,NULL,Edinburgh,EH6
176,286,2020-11-19 07:02:18.7865180 +00:00,4.48E+11,43 Constitution Street,NULL,Edinburgh,EH6
177,287,2020-11-19 08:03:15.6606594 +00:00,4.48E+11,43 Constitution Street,NULL,Edinburgh,EH6
178,288,2020-11-20 07:02:43.2340830 +00:00,4.48E+11,43 Constitution Street,NULL,Edinburgh,EH6
179,289,2020-11-20 08:03:16.4495295 +00:00,4.48E+11,43 Constitution Street,NULL,Edinburgh,EH6
180,290,2020-11-21 07:02:51.4045267 +00:00,4.48E+11,43 Constitution Street,NULL,Edinburgh,EH6
181,291,2020-11-21 08:03:00.1353746 +00:00,4.48E+11,43 Constitution Street,NULL,Edinburgh,EH6
182,292,2020-11-22 07:02:38.2101174 +00:00,4.48E+11,43 Constitution Street,NULL,Edinburgh,EH6
183,293,2020-11-22 08:03:39.6262957 +00:00,4.48E+11,43 Constitution Street,NULL,Edinburgh,EH6
184,294,2020-11-23 07:02:39.2112732 +00:00,4.48E+11,43 Constitution Street,NULL,Edinburgh,EH6
185,295,2020-11-23 08:04:16.4715130 +00:00,4.48E+11,43 Constitution Street,NULL,Edinburgh,EH6
186,296,2020-11-24 07:02:45.1312730 +00:00,4.48E+11,43 Constitution Street,NULL,Edinburgh,EH6
187,297,2020-11-24 08:03:24.5476438 +00:00,4.48E+11,43 Constitution Street,NULL,Edinburgh,EH6
188,298,2020-11-25 07:06:00.7101748 +00:00,4.48E+11,43 Constitution Street,NULL,Edinburgh,EH6
189,299,2020-11-25 08:03:16.4077987 +00:00,4.48E+11,43 Constitution Street,NULL,Edinburgh,EH6
190,300,2020-11-26 07:02:20.6613663 +00:00,4.48E+11,43 Constitution Street,NULL,Edinburgh,EH6
191,301,2020-11-26 08:03:11.3182846 +00:00,4.48E+11,43 Constitution Street,NULL,Edinburgh,EH6
192,302,2020-11-27 07:02:41.4228419 +00:00,4.48E+11,43 Constitution Street,NULL,Edinburgh,EH6
193,303,2020-11-27 08:03:32.0941205 +00:00,4.48E+11,43 Constitution Street,NULL,Edinburgh,EH6
194,304,2020-11-28 07:02:57.5028255 +00:00,4.48E+11,43 Constitution Street,NULL,Edinburgh,EH6
195,305,2020-11-28 08:03:16.3170645 +00:00,4.48E+11,43 Constitution Street,NULL,Edinburgh,EH6
196,306,2020-11-29 07:02:47.5598601 +00:00,4.48E+11,43 Constitution Street,NULL,Edinburgh,EH6
197,307,2020-11-29 08:03:39.1045463 +00:00,4.48E+11,43 Constitution Street,NULL,Edinburgh,EH6
198,308,2020-11-30 07:02:43.4910237 +00:00,4.48E+11,43 Constitution Street,NULL,Edinburgh,EH6
199,309,2020-11-30 08:03:38.4240080 +00:00,4.48E+11,43 Constitution Street,NULL,Edinburgh,EH6
200,310,2020-12-01 07:02:52.1299737 +00:00,4.48E+11,43 Constitution Street,NULL,Edinburgh,EH6
201,311,2020-12-01 08:03:08.6238118 +00:00,4.48E+11,43 Constitution Street,NULL,Edinburgh,EH6
202,312,2020-12-02 08:04:42.1491368 +00:00,4.48E+11,43 Constitution Street,NULL,Edinburgh,EH6
203,313,2020-12-03 07:03:47.1344451 +00:00,4.48E+11,43 Constitution Street,NULL,Edinburgh,EH6
204,314,2020-12-03 08:04:41.1427033 +00:00,4.48E+11,43 Constitution Street,NULL,Edinburgh,EH6
205,315,2020-12-04 07:04:00.4924459 +00:00,4.48E+11,43 Constitution Street,NULL,Edinburgh,EH6
206,316,2020-12-04 08:04:44.6213847 +00:00,4.48E+11,43 Constitution Street,NULL,Edinburgh,EH6
207,317,2020-12-05 07:03:46.5664397 +00:00,4.48E+11,43 Constitution Street,NULL,Edinburgh,EH6
208,318,2020-12-05 08:04:35.0173415 +00:00,4.48E+11,43 Constitution Street,NULL,Edinburgh,EH6
209,319,2020-12-06 07:04:28.7871293 +00:00,4.48E+11,43 Constitution Street,NULL,Edinburgh,EH6
210,320,2020-12-06 08:04:51.6461414 +00:00,4.48E+11,43 Constitution Street,NULL,Edinburgh,EH6
211,321,2020-12-07 07:03:52.9747845 +00:00,4.48E+11,43 Constitution Street,NULL,Edinburgh,EH6
212,322,2020-12-07 08:04:58.1525221 +00:00,4.48E+11,43 Constitution Street,NULL,Edinburgh,EH6
213,323,2020-12-08 07:04:22.2368811 +00:00,4.48E+11,43 Constitution Street,NULL,Edinburgh,EH6
214,324,2020-12-08 08:04:50.5952547 +00:00,4.48E+11,43 Constitution Street,NULL,Edinburgh,EH6
215,325,2020-12-08 18:11:15.3040000 +00:00,4.48E+11,43 Constitution Street,NULL,Edinburgh,EH6
216,326,2020-12-08 18:18:48.7867379 +00:00,4.48E+11,43 Constitution Street,NULL,Edinburgh,EH6
217,327,2020-12-09 13:46:18.4316625 +00:00,4.48E+11,43 Constitution Street,NULL,Edinburgh,EH6
218,328,2020-12-09 14:04:54.7483148 +00:00,4.48E+11,43 Constitution Street,NULL,Edinburgh,EH6
219,329,2020-12-09 14:50:58.3756992 +00:00,4.48E+11,43 Constitution Street,NULL,Edinburgh,EH6
220,330,2020-12-09 15:00:15.5777693 +00:00,4.48E+11,43 Constitution Street,NULL,Edinburgh,EH6
221,331,2020-12-09 16:05:48.3298052 +00:00,4.48E+11,43 Constitution Street,NULL,Edinburgh,EH6
222,332,2020-12-09 16:19:46.3848737 +00:00,4.48E+11,43 Constitution Street,NULL,Edinburgh,EH6
223,333,2020-12-09 16:31:27.7729969 +00:00,4.48E+11,43 Constitution Street,NULL,Edinburgh,EH6
224,334,2020-12-14 16:59:25.9439288 +00:00,4.48E+11,43 Constitution Street,NULL,Edinburgh,EH6
225,335,2020-12-14 17:55:48.4216191 +00:00,4.48E+11,43 Constitution Street,NULL,Edinburgh,EH6
226,336,2020-12-14 18:15:49.8456927 +00:00,4.48E+11,43 Constitution Street,NULL,Edinburgh,EH6
227,337,2020-12-15 08:04:17.6371822 +00:00,4.48E+11,43 Constitution Street,NULL,Edinburgh,EH6
228,338,2020-12-15 08:33:00.6946639 +00:00,4.48E+11,43 Constitution Street,NULL,Edinburgh,EH6
229,339,2020-12-16 08:03:35.5841285 +00:00,4.48E+11,43 Constitution Street,NULL,Edinburgh,EH6
230,340,2020-12-16 08:31:57.8886583 +00:00,4.48E+11,43 Constitution Street,NULL,Edinburgh,EH6
231,341,2020-12-17 08:03:25.1386962 +00:00,4.48E+11,43 Constitution Street,NULL,Edinburgh,EH6
232,342,2020-12-17 08:31:41.5084944 +00:00,4.48E+11,43 Constitution Street,NULL,Edinburgh,EH6
233,343,2020-12-17 13:07:57.0576582 +00:00,4.48E+11,43 Constitution Street,NULL,Edinburgh,EH6
234,344,2020-12-17 13:20:19.7249069 +00:00,4.48E+11,43 Constitution Street,NULL,Edinburgh,EH6
235,345,2020-12-17 13:27:42.8201997 +00:00,4.48E+11,43 Constitution Street,NULL,Edinburgh,EH6
236,346,2020-12-18 08:31:27.4399390 +00:00,4.48E+11,43 Constitution Street,NULL,Edinburgh,EH6
237,347,2020-12-19 08:04:01.9775384 +00:00,4.48E+11,43 Constitution Street,NULL,Edinburgh,EH6
238,348,2020-12-19 08:32:14.3115820 +00:00,4.48E+11,43 Constitution Street,NULL,Edinburgh,EH6
239,349,2020-12-22 08:03:46.1777762 +00:00,4.48E+11,43 Constitution Street,NULL,Edinburgh,EH6
240,350,2020-12-22 08:31:47.0754971 +00:00,4.48E+11,43 Constitution Street,NULL,Edinburgh,EH6
241,351,2020-12-23 08:03:40.9126083 +00:00,4.48E+11,43 Constitution Street,NULL,Edinburgh,EH6
242,352,2020-12-23 08:32:03.2878039 +00:00,4.48E+11,43 Constitution Street,NULL,Edinburgh,EH6
243,353,2020-12-24 08:03:41.0032189 +00:00,4.48E+11,43 Constitution Street,NULL,Edinburgh,EH6
244,354,2020-12-24 08:32:09.0017268 +00:00,4.48E+11,43 Constitution Street,NULL,Edinburgh,EH6
245,355,2020-12-25 08:03:37.9326706 +00:00,4.48E+11,43 Constitution Street,NULL,Edinburgh,EH6
246,356,2020-12-25 08:31:35.8921003 +00:00,4.48E+11,43 Constitution Street,NULL,Edinburgh,EH6
247,357,2020-12-26 08:04:31.0215762 +00:00,4.48E+11,43 Constitution Street,NULL,Edinburgh,EH6
248,358,2021-01-05 15:23:34.7365368 +00:00,4.48E+11,43 Constitution Street,NULL,Edinburgh,EH6
249,359,2021-01-05 15:37:06.0443408 +00:00,4.48E+11,43 Constitution Street,NULL,Edinburgh,EH6
250,360,2021-01-06 08:03:32.4692151 +00:00,4.48E+11,43 Constitution Street,NULL,Edinburgh,EH6
251,361,2021-01-06 08:31:36.7063923 +00:00,4.48E+11,43 Constitution Street,NULL,Edinburgh,EH6
252,362,2021-01-07 08:03:39.3539767 +00:00,4.48E+11,43 Constitution Street,NULL,Edinburgh,EH6
253,363,2021-01-07 08:31:40.3653243 +00:00,4.48E+11,43 Constitution Street,NULL,Edinburgh,EH6
254,364,2021-01-08 08:03:43.4418205 +00:00,4.48E+11,43 Constitution Street,NULL,Edinburgh,EH6
255,365,2021-01-08 08:31:51.6994645 +00:00,4.48E+11,43 Constitution Street,NULL,Edinburgh,EH6
256,366,2021-01-08 16:09:39.1176805 +00:00,0141 1112223,NULL,NULL,NULL,NULL
257,367,2021-01-08 16:09:39.5582568 +00:00,0141 1112223,NULL,NULL,NULL,NULL
258,368,2021-01-09 08:31:39.7270085 +00:00,4.48E+11,43 Constitution Street,NULL,Edinburgh,EH6
259,369,2021-01-10 08:03:50.6698320 +00:00,4.48E+11,43 Constitution Street,NULL,Edinburgh,EH6
260,370,2021-01-11 08:04:34.4151140 +00:00,4.48E+11,43 Constitution Street,NULL,Edinburgh,EH6
261,371,2021-01-11 08:31:49.6888805 +00:00,4.48E+11,43 Constitution Street,NULL,Edinburgh,EH6
262,372,2021-01-12 08:04:22.7642797 +00:00,4.48E+11,43 Constitution Street,NULL,Edinburgh,EH6
263,373,2021-01-12 08:32:09.3615111 +00:00,4.48E+11,43 Constitution Street,NULL,Edinburgh,EH6
264,374,2021-01-13 08:05:10.0901486 +00:00,4.48E+11,43 Constitution Street,NULL,Edinburgh,EH6
265,375,2021-01-13 08:31:45.3011088 +00:00,4.48E+11,43 Constitution Street,NULL,Edinburgh,EH6
266,376,2021-01-14 08:03:59.2755777 +00:00,4.48E+11,43 Constitution Street,NULL,Edinburgh,EH6
267,377,2021-01-14 08:32:34.7520284 +00:00,4.48E+11,43 Constitution Street,NULL,Edinburgh,EH6
268,378,2021-01-15 08:32:11.7199698 +00:00,4.48E+11,43 Constitution Street,NULL,Edinburgh,EH6
269,379,2021-01-16 08:05:52.0194060 +00:00,4.48E+11,43 Constitution Street,NULL,Edinburgh,EH6
270,380,2021-01-17 08:04:44.2813171 +00:00,4.48E+11,43 Constitution Street,NULL,Edinburgh,EH6
271,381,2021-01-18 08:05:11.3501014 +00:00,4.48E+11,43 Constitution Street,NULL,Edinburgh,EH6
272,382,2021-01-18 08:32:40.7583256 +00:00,4.48E+11,43 Constitution Street,NULL,Edinburgh,EH6
273,383,2021-01-19 08:07:42.6311336 +00:00,4.48E+11,43 Constitution Street,NULL,Edinburgh,EH6
274,384,2021-01-19 08:32:52.6087105 +00:00,4.48E+11,43 Constitution Street,NULL,Edinburgh,EH6
275,385,2021-01-19 14:35:04.5261725 +00:00,4.48E+11,43 Constitution Street,NULL,Edinburgh,EH6
276,386,2021-01-20 08:05:36.1694542 +00:00,4.48E+11,43 Constitution Street,NULL,Edinburgh,EH6
277,387,2021-01-20 08:32:28.7224346 +00:00,4.48E+11,43 Constitution Street,NULL,Edinburgh,EH6
278,388,2021-01-21 08:06:41.4282967 +00:00,4.48E+11,43 Constitution Street,NULL,Edinburgh,EH6
279,389,2021-01-22 08:03:22.9999905 +00:00,4.48E+11,43 Constitution Street,NULL,Edinburgh,EH6
280,390,2021-01-25 08:31:16.0442332 +00:00,4.48E+11,43 Constitution Street,NULL,Edinburgh,EH6
281,391,2021-01-26 08:03:31.2241434 +00:00,4.48E+11,43 Constitution Street,NULL,Edinburgh,EH6
282,392,2021-01-26 08:31:54.6963613 +00:00,4.48E+11,43 Constitution Street,NULL,Edinburgh,EH6
283,393,2021-01-26 13:53:54.2467106 +00:00,4.48E+11,43 Constitution Street,NULL,Edinburgh,EH6
284,394,2021-01-29 08:03:34.0652222 +00:00,4.48E+11,43 Constitution Street,NULL,Edinburgh,EH6
285,395,2021-02-01 14:24:09.8371684 +00:00,4.48E+11,43 Constitution Street,NULL,Edinburgh,EH6
286,396,2021-02-03 08:31:52.4390398 +00:00,4.48E+11,43 Constitution Street,NULL,Edinburgh,EH6
287,397,2021-02-03 09:14:23.1203800 +00:00,7714132936,1 Bonnyhaugh Lane,NULL,NULL,NULL
288,398,2021-02-03 15:11:57.9990320 +00:00,12345678,NULL,NULL,NULL,NULL
289,399,2021-02-05 08:03:30.6376177 +00:00,4.48E+11,43 Constitution Street,NULL,Edinburgh,EH6
290,400,2021-02-06 08:03:40.0676260 +00:00,4.48E+11,43 Constitution Street,NULL,Edinburgh,EH6
291,401,2021-02-06 08:31:43.0048079 +00:00,4.48E+11,43 Constitution Street,NULL,Edinburgh,EH6
292,402,2021-02-07 08:03:53.8988603 +00:00,4.48E+11,43 Constitution Street,NULL,Edinburgh,EH6
293,403,2021-02-07 08:32:08.6784745 +00:00,4.48E+11,43 Constitution Street,NULL,Edinburgh,EH6
294,404,2021-02-08 08:03:28.6411427 +00:00,4.48E+11,43 Constitution Street,NULL,Edinburgh,EH6
295,405,2021-02-08 08:31:45.1012963 +00:00,4.48E+11,43 Constitution Street,NULL,Edinburgh,EH6
296,406,2021-02-09 08:04:06.7422346 +00:00,4.48E+11,43 Constitution Street,NULL,Edinburgh,EH6
297,407,2021-02-09 08:32:00.3548889 +00:00,4.48E+11,43 Constitution Street,NULL,Edinburgh,EH6
298,408,2021-02-10 08:03:38.3060820 +00:00,4.48E+11,43 Constitution Street,NULL,Edinburgh,EH6
299,409,2021-02-10 08:31:42.1251313 +00:00,4.48E+11,43 Constitution Street,NULL,Edinburgh,EH6
300,410,2021-02-11 08:03:52.2175292 +00:00,4.48E+11,43 Constitution Street,NULL,Edinburgh,EH6
301,411,2021-02-11 08:31:36.2252190 +00:00,4.48E+11,43 Constitution Street,NULL,Edinburgh,EH6
302,412,2021-02-12 08:03:40.7145016 +00:00,4.48E+11,43 Constitution Street,NULL,Edinburgh,EH6
303,413,2021-02-12 08:31:58.0502013 +00:00,4.48E+11,43 Constitution Street,NULL,Edinburgh,EH6
304,414,2021-02-13 08:03:29.4038155 +00:00,4.48E+11,43 Constitution Street,NULL,Edinburgh,EH6
305,415,2021-02-13 08:31:39.0616768 +00:00,4.48E+11,43 Constitution Street,NULL,Edinburgh,EH6
306,416,2021-02-14 08:03:38.8676444 +00:00,4.48E+11,43 Constitution Street,NULL,Edinburgh,EH6
307,417,2021-02-14 08:32:08.2013088 +00:00,4.48E+11,43 Constitution Street,NULL,Edinburgh,EH6
308,418,2021-02-15 08:03:20.7354047 +00:00,4.48E+11,43 Constitution Street,NULL,Edinburgh,EH6
309,419,2021-02-15 08:31:44.5211760 +00:00,4.48E+11,43 Constitution Street,NULL,Edinburgh,EH6
310,420,2021-02-16 08:03:32.5304830 +00:00,4.48E+11,43 Constitution Street,NULL,Edinburgh,EH6
311,421,2021-02-16 08:32:02.1967242 +00:00,4.48E+11,43 Constitution Street,NULL,Edinburgh,EH6
312,422,2021-02-17 08:03:39.0958621 +00:00,4.48E+11,43 Constitution Street,NULL,Edinburgh,EH6
313,423,2021-02-17 08:31:45.9256466 +00:00,4.48E+11,43 Constitution Street,NULL,Edinburgh,EH6
314,424,2021-02-19 08:03:28.6991149 +00:00,4.48E+11,43 Constitution Street,NULL,Edinburgh,EH6
315,425,2021-02-19 08:31:39.1749953 +00:00,4.48E+11,43 Constitution Street,NULL,Edinburgh,EH6
316,426,2021-02-20 08:04:19.9934383 +00:00,4.48E+11,43 Constitution Street,NULL,Edinburgh,EH6
317,427,2021-02-20 08:31:33.7630569 +00:00,4.48E+11,43 Constitution Street,NULL,Edinburgh,EH6
318,428,2021-02-21 08:03:29.1316476 +00:00,4.48E+11,43 Constitution Street,NULL,Edinburgh,EH6
319,429,2021-02-21 08:31:51.7315538 +00:00,4.48E+11,43 Constitution Street,NULL,Edinburgh,EH6
320,430,2021-02-22 08:03:22.7873630 +00:00,4.48E+11,43 Constitution Street,NULL,Edinburgh,EH6
321,431,2021-02-22 08:31:40.9791528 +00:00,4.48E+11,43 Constitution Street,NULL,Edinburgh,EH6
322,432,2021-02-23 08:03:30.9757482 +00:00,4.48E+11,43 Constitution Street,NULL,Edinburgh,EH6
323,433,2021-02-23 08:31:55.4040778 +00:00,4.48E+11,43 Constitution Street,NULL,Edinburgh,EH6
324,434,2021-02-24 08:03:16.9486200 +00:00,4.48E+11,43 Constitution Street,NULL,Edinburgh,EH6
325,435,2021-02-24 08:31:37.2213152 +00:00,4.48E+11,43 Constitution Street,NULL,Edinburgh,EH6
326,436,2021-02-25 08:03:41.6543200 +00:00,4.48E+11,43 Constitution Street,NULL,Edinburgh,EH6
327,437,2021-02-25 08:32:05.8331788 +00:00,4.48E+11,43 Constitution Street,NULL,Edinburgh,EH6
328,438,2021-02-26 08:03:28.0951084 +00:00,4.48E+11,43 Constitution Street,NULL,Edinburgh,EH6
329,439,2021-02-26 08:31:49.4768188 +00:00,4.48E+11,43 Constitution Street,NULL,Edinburgh,EH6
330,440,2021-02-26 12:48:13.4578203 +00:00,123456789,Storm HQ,NULL,NULL,NULL
331,441,2021-02-27 08:03:47.6720719 +00:00,4.48E+11,43 Constitution Street,NULL,Edinburgh,EH6
332,442,2021-02-27 08:32:03.4894967 +00:00,4.48E+11,43 Constitution Street,NULL,Edinburgh,EH6
333,443,2021-02-28 08:03:33.3278305 +00:00,4.48E+11,43 Constitution Street,NULL,Edinburgh,EH6
334,444,2021-02-28 08:32:00.9438395 +00:00,4.48E+11,43 Constitution Street,NULL,Edinburgh,EH6
335,445,2021-03-01 08:03:46.4969306 +00:00,4.48E+11,43 Constitution Street,NULL,Edinburgh,EH6
336,446,2021-03-01 08:31:38.0036576 +00:00,4.48E+11,43 Constitution Street,NULL,Edinburgh,EH6
337,447,2021-03-02 08:03:53.8833338 +00:00,4.48E+11,43 Constitution Street,NULL,Edinburgh,EH6
338,448,2021-03-02 08:31:55.0306994 +00:00,4.48E+11,43 Constitution Street,NULL,Edinburgh,EH6
339,449,2021-03-03 08:03:27.7820913 +00:00,4.48E+11,43 Constitution Street,NULL,Edinburgh,EH6
340,450,2021-03-03 08:31:36.4295979 +00:00,4.48E+11,43 Constitution Street,NULL,Edinburgh,EH6
341,451,2021-03-04 08:03:44.9418978 +00:00,4.48E+11,43 Constitution Street,NULL,Edinburgh,EH6
342,452,2021-03-04 08:32:08.2632270 +00:00,4.48E+11,43 Constitution Street,NULL,Edinburgh,EH6
343,453,2021-03-05 08:03:27.5388487 +00:00,4.48E+11,43 Constitution Street,NULL,Edinburgh,EH6
344,454,2021-03-05 08:31:37.3850095 +00:00,4.48E+11,43 Constitution Street,NULL,Edinburgh,EH6
345,455,2021-03-06 08:04:02.2225942 +00:00,4.48E+11,43 Constitution Street,NULL,Edinburgh,EH6
346,456,2021-03-06 08:31:59.1040744 +00:00,4.48E+11,43 Constitution Street,NULL,Edinburgh,EH6
347,457,2021-03-07 08:03:26.2819204 +00:00,4.48E+11,43 Constitution Street,NULL,Edinburgh,EH6
348,458,2021-03-07 08:32:00.3981962 +00:00,4.48E+11,43 Constitution Street,NULL,Edinburgh,EH6
349,459,2021-03-08 08:04:09.7490560 +00:00,4.48E+11,43 Constitution Street,NULL,Edinburgh,EH6
350,460,2021-03-08 08:31:35.3640563 +00:00,4.48E+11,43 Constitution Street,NULL,Edinburgh,EH6
351,461,2021-03-09 08:03:28.1856366 +00:00,4.48E+11,43 Constitution Street,NULL,Edinburgh,EH6
352,462,2021-03-09 08:31:47.2705758 +00:00,4.48E+11,43 Constitution Street,NULL,Edinburgh,EH6
353,463,2021-03-10 08:03:21.7011959 +00:00,4.48E+11,43 Constitution Street,NULL,Edinburgh,EH6
354,464,2021-03-10 08:31:37.5492863 +00:00,4.48E+11,43 Constitution Street,NULL,Edinburgh,EH6
355,465,2021-03-11 08:03:49.4957185 +00:00,4.48E+11,43 Constitution Street,NULL,Edinburgh,EH6
356,466,2021-03-11 08:31:54.0847765 +00:00,4.48E+11,43 Constitution Street,NULL,Edinburgh,EH6
357,467,2021-03-12 08:03:43.6211110 +00:00,4.48E+11,43 Constitution Street,NULL,Edinburgh,EH6
358,468,2021-03-12 08:31:48.2355843 +00:00,4.48E+11,43 Constitution Street,NULL,Edinburgh,EH6
359,469,2021-03-13 08:03:20.0212474 +00:00,4.48E+11,43 Constitution Street,NULL,Edinburgh,EH6
360,470,2021-03-13 08:31:42.5399968 +00:00,4.48E+11,43 Constitution Street,NULL,Edinburgh,EH6
361,471,2021-03-14 08:03:39.7394046 +00:00,4.48E+11,43 Constitution Street,NULL,Edinburgh,EH6
362,472,2021-03-14 08:32:08.0421466 +00:00,4.48E+11,43 Constitution Street,NULL,Edinburgh,EH6
363,473,2021-03-15 08:03:15.2550028 +00:00,4.48E+11,43 Constitution Street,NULL,Edinburgh,EH6
364,474,2021-03-15 08:31:43.8874871 +00:00,4.48E+11,43 Constitution Street,NULL,Edinburgh,EH6
365,475,2021-03-16 08:03:35.1790410 +00:00,4.48E+11,43 Constitution Street,NULL,Edinburgh,EH6
366,476,2021-03-16 08:32:00.5764148 +00:00,4.48E+11,43 Constitution Street,NULL,Edinburgh,EH6
367,477,2021-03-17 08:03:27.2917026 +00:00,4.48E+11,43 Constitution Street,NULL,Edinburgh,EH6
368,478,2021-03-17 08:31:42.2828792 +00:00,4.48E+11,43 Constitution Street,NULL,Edinburgh,EH6
369,479,2021-03-18 08:03:15.3332882 +00:00,4.48E+11,43 Constitution Street,NULL,Edinburgh,EH6
370,480,2021-03-18 08:31:39.1802192 +00:00,4.48E+11,43 Constitution Street,NULL,Edinburgh,EH6
371,481,2021-03-19 08:03:55.8962153 +00:00,4.48E+11,43 Constitution Street,NULL,Edinburgh,EH6
372,482,2021-03-19 08:31:50.3182604 +00:00,4.48E+11,43 Constitution Street,NULL,Edinburgh,EH6
373,483,2021-03-20 08:03:17.9965521 +00:00,4.48E+11,43 Constitution Street,NULL,Edinburgh,EH6
374,484,2021-03-20 08:31:43.5939993 +00:00,4.48E+11,43 Constitution Street,NULL,Edinburgh,EH6
375,485,2021-03-21 08:03:33.2284741 +00:00,4.48E+11,43 Constitution Street,NULL,Edinburgh,EH6
376,486,2021-03-21 08:32:09.7969581 +00:00,4.48E+11,43 Constitution Street,NULL,Edinburgh,EH6
377,487,2021-03-22 08:03:30.9239830 +00:00,4.48E+11,43 Constitution Street,NULL,Edinburgh,EH6
378,488,2021-03-22 08:31:45.5064156 +00:00,4.48E+11,43 Constitution Street,NULL,Edinburgh,EH6
379,489,2021-03-23 08:03:20.5208633 +00:00,4.48E+11,43 Constitution Street,NULL,Edinburgh,EH6
380,490,2021-03-23 08:31:36.6508553 +00:00,4.48E+11,43 Constitution Street,NULL,Edinburgh,EH6
381,491,2021-03-24 08:03:20.7896681 +00:00,4.48E+11,43 Constitution Street,NULL,Edinburgh,EH6
382,492,2021-03-24 08:31:34.6042899 +00:00,4.48E+11,43 Constitution Street,NULL,Edinburgh,EH6
383,493,2021-03-25 08:04:03.8552708 +00:00,4.48E+11,43 Constitution Street,NULL,Edinburgh,EH6
384,494,2021-03-25 08:31:33.8263725 +00:00,4.48E+11,43 Constitution Street,NULL,Edinburgh,EH6
385,495,2021-03-26 08:04:05.6900837 +00:00,4.48E+11,43 Constitution Street,NULL,Edinburgh,EH6
386,496,2021-03-26 08:32:01.0955216 +00:00,4.48E+11,43 Constitution Street,NULL,Edinburgh,EH6
387,497,2021-03-27 08:03:53.1230449 +00:00,4.48E+11,43 Constitution Street,NULL,Edinburgh,EH6
388,498,2021-03-27 08:31:59.0642479 +00:00,4.48E+11,43 Constitution Street,NULL,Edinburgh,EH6
389,499,2021-03-28 09:03:54.7009273 +01:00,4.48E+11,43 Constitution Street,NULL,Edinburgh,EH6
390,500,2021-03-28 09:32:10.7205827 +01:00,4.48E+11,43 Constitution Street,NULL,Edinburgh,EH6
391,501,2021-03-29 09:03:41.8004019 +01:00,4.48E+11,43 Constitution Street,NULL,Edinburgh,EH6
392,502,2021-03-29 09:32:02.7097218 +01:00,4.48E+11,43 Constitution Street,NULL,Edinburgh,EH6
393,503,2021-04-14 10:07:15.8616156 +01:00,NULL,"1 Orcha Road, Chester",England,NULL,WWWWW12
394,504,2021-04-22 11:55:28.8903241 +01:00,4.48E+11,43 Constitution Street,NULL,Edinburgh,EH6
395,505,2021-05-05 17:16:18.2033818 +01:00,123456789,NULL,NULL,NULL,NULL
396,506,2021-05-06 09:50:06.2552540 +01:00,123456789,NULL,NULL,NULL,NULL
397,507,2021-05-20 16:34:02.6209739 +01:00,123456789,NULL,NULL,NULL,NULL
398,508,2021-05-26 13:28:33.0881645 +01:00,4.48E+11,Leith Assembly Room,NULL,Edinburgh,EH6 7BG
399,509,2021-05-26 15:35:55.8992855 +01:00,4.48E+11,Leith Assembly Room,NULL,Edinburgh,EH6 7BG
400,510,2021-05-26 15:45:03.3584884 +01:00,4.48E+11,Leith Assembly Room,NULL,Edinburgh,EH6 7BG
401,511,2021-05-26 16:36:29.5616729 +01:00,4.48E+11,Leith Assembly Room,NULL,Edinburgh,EH6 7BG
402,512,2021-05-26 16:48:05.5005722 +01:00,4.48E+11,Leith Assembly Room,NULL,Edinburgh,EH6 7BG
403,513,2021-05-26 16:54:43.8600257 +01:00,4.48E+11,Leith Assembly Room,NULL,Edinburgh,EH6 7BG
404,514,2021-05-26 16:59:40.4531717 +01:00,4.48E+11,Leith Assembly Room,NULL,Edinburgh,EH6 7BG
405,515,2021-05-27 16:08:05.5150532 +01:00,4.48E+11,Leith Assembly Room,NULL,Edinburgh,EH6 7BG
406,516,2021-05-28 09:16:28.6165032 +01:00,4.48E+11,Leith Assembly Room,NULL,Edinburgh,EH6 7BG
407,517,2021-05-28 09:40:44.4614929 +01:00,4.48E+11,Leith Assembly Room,NULL,Edinburgh,EH6 7BG
408,518,2021-05-27 16:15:19.1283837 +01:00,4.48E+11,Leith Assembly Room,NULL,Edinburgh,EH6 7BG
409,519,2021-08-04 15:41:20.8438118 +01:00,4.48E+11,Leith Assembly Room,NULL,Edinburgh,EH6 7BG
410,520,2021-08-04 15:49:39.9878400 +01:00,4.48E+11,Leith Assembly Room,NULL,Edinburgh,EH6 7BG
411,521,2021-08-04 15:58:22.7842286 +01:00,4.48E+11,Leith Assembly Room,NULL,Edinburgh,EH6 7BG
412,522,2021-08-05 12:44:03.4710546 +01:00,4.48E+11,Leith Assembly Room,NULL,Edinburgh,EH6 7BG
413,523,2021-08-05 13:18:55.6349919 +01:00,4.48E+11,Leith Assembly Room,NULL,Edinburgh,EH6 7BG
414,524,2021-08-05 13:29:33.3852004 +01:00,4.48E+11,Leith Assembly Room,NULL,Edinburgh,EH6 7BG
415,525,2021-08-05 13:39:52.6987046 +01:00,4.48E+11,Leith Assembly Room,NULL,Edinburgh,EH6 7BG
416,526,2021-08-06 12:36:00.8294439 +01:00,4.48E+11,Leith Assembly Room,NULL,Edinburgh,EH6 7BG
417,527,2021-08-06 12:49:11.4721217 +01:00,4.48E+11,Leith Assembly Room,NULL,Edinburgh,EH6 7BG
418,528,2021-08-09 12:46:51.0687830 +01:00,4.48E+11,Leith Assembly Room,NULL,Edinburgh,EH6 7BG
419,529,2021-08-16 12:47:03.3500681 +01:00,4.48E+11,Leith Assembly Room,NULL,Edinburgh,EH6 7BG
420,530,2021-08-04 16:11:15.2879157 +01:00,4.48E+11,Leith Assembly Room,NULL,Edinburgh,EH6 7BG
421,531,2021-08-05 12:33:35.6912191 +01:00,4.48E+11,Leith Assembly Room,NULL,Edinburgh,EH6 7BG
422,532,2021-08-05 12:54:58.5071119 +01:00,4.48E+11,Leith Assembly Room,NULL,Edinburgh,EH6 7BG
423,533,2021-08-09 12:34:14.7228625 +01:00,4.48E+11,Leith Assembly Room,NULL,Edinburgh,EH6 7BG
424,534,2021-08-16 12:34:38.9280988 +01:00,4.48E+11,Leith Assembly Room,NULL,Edinburgh,EH6 7BG
425,535,2021-08-17 12:43:28.2388020 +01:00,4.48E+11,Leith Assembly Room,NULL,Edinburgh,EH6 7BG
426,536,2021-08-18 12:34:30.9834709 +01:00,4.48E+11,Leith Assembly Room,NULL,Edinburgh,EH6 7BG
427,537,2021-08-18 12:48:28.1863678 +01:00,4.48E+11,Leith Assembly Room,NULL,Edinburgh,EH6 7BG
428,538,2021-08-19 12:34:24.7462921 +01:00,4.48E+11,Leith Assembly Room,NULL,Edinburgh,EH6 7BG
429,539,2021-08-20 12:34:12.9220740 +01:00,4.48E+11,Leith Assembly Room,NULL,Edinburgh,EH6 7BG
430,540,2021-08-20 12:47:30.7981927 +01:00,4.48E+11,Leith Assembly Room,NULL,Edinburgh,EH6 7BG
431,541,2021-08-23 12:59:54.1571804 +01:00,4.48E+11,Leith Assembly Room,NULL,Edinburgh,EH6 7BG
432,542,2021-08-23 13:13:13.9078134 +01:00,4.48E+11,Leith Assembly Room,NULL,Edinburgh,EH6 7BG
433,543,2021-08-23 15:47:43.3190462 +01:00,44123456789,NULL,NULL,NULL,NULL
434,544,2021-08-24 12:39:33.4520773 +01:00,4.48E+11,Leith Assembly Room,NULL,Edinburgh,EH6 7BG
435,545,2021-08-24 12:52:58.0626738 +01:00,4.48E+11,Leith Assembly Room,NULL,Edinburgh,EH6 7BG
436,546,2021-08-24 14:31:35.5766601 +01:00,4.48E+11,Leith Assembly Room,NULL,Edinburgh,EH6 7BG
437,547,2021-08-25 12:34:19.6617282 +01:00,4.48E+11,Leith Assembly Room,NULL,Edinburgh,EH6 7BG
438,548,2021-08-25 12:45:17.5071084 +01:00,4.48E+11,Leith Assembly Room,NULL,Edinburgh,EH6 7BG
439,549,2021-08-26 12:34:28.7351071 +01:00,4.48E+11,Leith Assembly Room,NULL,Edinburgh,EH6 7BG
440,550,2021-09-01 12:45:00.5413982 +01:00,4.48E+11,Leith Assembly Room,NULL,Edinburgh,EH6 7BG
441,551,2021-09-01 12:58:56.0736009 +01:00,4.48E+11,Leith Assembly Room,NULL,Edinburgh,EH6 7BG
442,552,2021-09-02 12:34:14.2661030 +01:00,4.48E+11,Leith Assembly Room,NULL,Edinburgh,EH6 7BG
443,553,2021-09-02 12:48:11.7525620 +01:00,4.48E+11,Leith Assembly Room,NULL,Edinburgh,EH6 7BG
444,554,2021-08-19 12:47:43.0881984 +01:00,4.48E+11,Leith Assembly Room,NULL,Edinburgh,EH6 7BG
445,555,2021-08-26 12:48:35.2519401 +01:00,4.48E+11,Leith Assembly Room,NULL,Edinburgh,EH6 7BG
446,556,2021-08-27 12:34:32.2533120 +01:00,4.48E+11,Leith Assembly Room,NULL,Edinburgh,EH6 7BG
447,557,2021-08-27 12:48:16.1595445 +01:00,4.48E+11,Leith Assembly Room,NULL,Edinburgh,EH6 7BG
448,558,2021-08-31 12:34:35.6216572 +01:00,4.48E+11,Leith Assembly Room,NULL,Edinburgh,EH6 7BG
449,559,2021-08-31 12:48:18.8041116 +01:00,4.48E+11,Leith Assembly Room,NULL,Edinburgh,EH6 7BG
450,560,2021-09-03 14:27:31.3532941 +01:00,4.48E+11,Leith Assembly Room,NULL,Edinburgh,EH6 7BG
451,561,2021-09-03 14:46:23.8440711 +01:00,4.48E+11,Leith Assembly Room,NULL,Edinburgh,EH6 7BG
452,562,2021-09-03 15:08:20.3283054 +01:00,4.48E+11,Leith Assembly Room,NULL,Edinburgh,EH6 7BG
453,563,2021-09-03 14:54:23.8417026 +01:00,4.48E+11,Leith Assembly Room,NULL,Edinburgh,EH6 7BG
454,564,2021-09-06 12:35:28.4518328 +01:00,4.48E+11,Leith Assembly Room,NULL,Edinburgh,EH6 7BG
455,565,2021-09-07 12:35:22.8392235 +01:00,4.48E+11,Leith Assembly Room,NULL,Edinburgh,EH6 7BG
456,566,2021-09-07 12:48:24.3878068 +01:00,4.48E+11,Leith Assembly Room,NULL,Edinburgh,EH6 7BG
457,567,2021-09-06 12:49:01.0864710 +01:00,4.48E+11,Leith Assembly Room,NULL,Edinburgh,EH6 7BG
458,568,2021-09-07 13:50:14.3377525 +01:00,4.48E+11,Leith Assembly Room,NULL,Edinburgh,EH6 7BG
459,569,2021-09-07 14:06:06.3549770 +01:00,4.48E+11,Leith Assembly Room,NULL,Edinburgh,EH6 7BG
460,570,2021-09-08 12:34:51.8506558 +01:00,4.48E+11,Leith Assembly Room,NULL,Edinburgh,EH6 7BG
461,571,2021-09-08 12:48:07.0634793 +01:00,4.48E+11,Leith Assembly Room,NULL,Edinburgh,EH6 7BG
462,572,2021-09-08 14:03:24.9770553 +01:00,4.48E+11,Leith Assembly Room,NULL,Edinburgh,EH6 7BG
463,573,2021-09-08 16:24:34.3150961 +01:00,4.48E+11,Leith Assembly Room,NULL,Edinburgh,EH6 7BG
464,574,2021-09-10 12:34:15.3382523 +01:00,4.48E+11,Leith Assembly Room,NULL,Edinburgh,EH6 7BG
465,575,2021-09-13 12:34:34.8309637 +01:00,4.48E+11,Leith Assembly Room,NULL,Edinburgh,EH6 7BG
466,576,2021-09-14 12:47:41.8534367 +01:00,4.48E+11,Leith Assembly Room,NULL,Edinburgh,EH6 7BG
467,577,2021-09-08 15:57:44.6059425 +01:00,4.48E+11,Leith Assembly Room,NULL,Edinburgh,EH6 7BG
468,578,2021-09-08 16:10:51.5375136 +01:00,4.48E+11,Leith Assembly Room,NULL,Edinburgh,EH6 7BG
469,579,2021-09-09 12:34:20.4943553 +01:00,4.48E+11,Leith Assembly Room,NULL,Edinburgh,EH6 7BG
470,580,2021-09-09 12:48:38.2300398 +01:00,4.48E+11,Leith Assembly Room,NULL,Edinburgh,EH6 7BG
471,581,2021-09-10 12:48:10.2900881 +01:00,4.48E+11,Leith Assembly Room,NULL,Edinburgh,EH6 7BG
472,582,2021-09-13 12:48:07.8876552 +01:00,4.48E+11,Leith Assembly Room,NULL,Edinburgh,EH6 7BG
473,583,2021-09-14 12:34:14.2220741 +01:00,4.48E+11,Leith Assembly Room,NULL,Edinburgh,EH6 7BG
474,584,2021-09-15 14:08:48.9778830 +01:00,4.48E+11,Leith Assembly Room,NULL,Edinburgh,EH6 7BG
475,585,2021-09-15 14:22:09.3259650 +01:00,4.48E+11,Leith Assembly Room,NULL,Edinburgh,EH6 7BG
476,586,2021-09-16 12:34:12.0987089 +01:00,4.48E+11,Leith Assembly Room,NULL,Edinburgh,EH6 7BG
477,587,2021-09-16 12:47:46.1145891 +01:00,4.48E+11,Leith Assembly Room,NULL,Edinburgh,EH6 7BG
478,588,2021-09-17 08:38:04.9182080 +01:00,4.41E+11,somewhere,somewhere else,some place,NULL
479,589,2021-09-17 12:34:16.6080632 +01:00,4.48E+11,Leith Assembly Room,NULL,Edinburgh,EH6 7BG
480,590,2021-09-20 12:34:22.3897702 +01:00,4.48E+11,Leith Assembly Room,NULL,Edinburgh,EH6 7BG
481,591,2021-09-21 12:34:06.1284203 +01:00,4.48E+11,Leith Assembly Room,NULL,Edinburgh,EH6 7BG
482,592,2021-09-22 12:34:27.3391177 +01:00,4.48E+11,Leith Assembly Room,NULL,Edinburgh,EH6 7BG
483,593,2021-09-23 12:34:18.8768687 +01:00,4.48E+11,Leith Assembly Room,NULL,Edinburgh,EH6 7BG
484,594,2021-09-23 12:47:45.9828751 +01:00,4.48E+11,Leith Assembly Room,NULL,Edinburgh,EH6 7BG
485,595,2021-09-17 09:01:38.8509961 +01:00,44129384756,13 Fake Street,NULL,Edinburgh,eh15 2rp
486,596,2021-09-17 12:47:51.5226997 +01:00,4.48E+11,Leith Assembly Room,NULL,Edinburgh,EH6 7BG
487,597,2021-09-20 12:48:03.5258575 +01:00,4.48E+11,Leith Assembly Room,NULL,Edinburgh,EH6 7BG
488,598,2021-09-21 12:47:30.3537470 +01:00,4.48E+11,Leith Assembly Room,NULL,Edinburgh,EH6 7BG
489,599,2021-09-22 12:47:51.2057950 +01:00,4.48E+11,Leith Assembly Room,NULL,Edinburgh,EH6 7BG
490,600,2021-09-24 12:34:30.6821876 +01:00,4.48E+11,Leith Assembly Room,NULL,Edinburgh,EH6 7BG
491,601,2021-09-24 12:48:14.0731216 +01:00,4.48E+11,Leith Assembly Room,NULL,Edinburgh,EH6 7BG
492,602,2021-09-27 12:34:42.9786420 +01:00,4.48E+11,Leith Assembly Room,NULL,Edinburgh,EH6 7BG
493,603,2021-09-27 12:48:06.3657691 +01:00,4.48E+11,Leith Assembly Room,NULL,Edinburgh,EH6 7BG
494,604,2021-10-11 12:35:20.4511902 +01:00,4.48E+11,Leith Assembly Room,NULL,Edinburgh,EH6 7BG
495,605,2021-10-11 15:27:53.3018405 +01:00,4.48E+11,Leith Assembly Room,NULL,Edinburgh,EH6 7BG
496,606,2021-10-12 12:47:44.0652734 +01:00,4.48E+11,Leith Assembly Room,NULL,Edinburgh,EH6 7BG
497,607,2021-10-14 11:37:25.7152164 +01:00,4.48E+11,Leith Assembly Room,NULL,Edinburgh,EH6 7BG
498,608,2021-10-14 12:34:56.7818901 +01:00,4.48E+11,Leith Assembly Room,NULL,Edinburgh,EH6 7BG
499,609,2021-10-14 12:48:29.1324857 +01:00,4.48E+11,Leith Assembly Room,NULL,Edinburgh,EH6 7BG
500,610,2021-10-15 12:47:47.1539970 +01:00,4.48E+11,Leith Assembly Room,NULL,Edinburgh,EH6 7BG
501,611,2021-10-15 13:13:34.3579335 +01:00,4.48E+11,Leith Assembly Room,NULL,Edinburgh,EH6 7BG
502,612,2021-10-18 13:01:43.4552099 +01:00,4.48E+11,Leith Assembly Room,NULL,Edinburgh,EH6 7BG
503,613,2021-10-18 13:14:59.5089388 +01:00,4.48E+11,Leith Assembly Room,NULL,Edinburgh,EH6 7BG
504,614,2021-10-19 12:33:39.1841131 +01:00,4.48E+11,Leith Assembly Room,NULL,Edinburgh,EH6 7BG
505,615,2021-10-19 13:00:30.2366214 +01:00,4.48E+11,Leith Assembly Room,NULL,Edinburgh,EH6 7BG
506,616,2021-10-19 13:14:01.3639362 +01:00,4.48E+11,Leith Assembly Room,NULL,Edinburgh,EH6 7BG
507,617,2021-10-20 12:34:40.9269577 +01:00,4.48E+11,Leith Assembly Room,NULL,Edinburgh,EH6 7BG
508,618,2021-10-21 12:34:16.0157780 +01:00,4.48E+11,Leith Assembly Room,NULL,Edinburgh,EH6 7BG
509,619,2021-10-21 12:48:44.7712812 +01:00,4.48E+11,Leith Assembly Room,NULL,Edinburgh,EH6 7BG
510,620,2021-10-22 12:34:26.4423351 +01:00,4.48E+11,Leith Assembly Room,NULL,Edinburgh,EH6 7BG
511,621,2021-10-22 12:47:50.4149038 +01:00,4.48E+11,Leith Assembly Room,NULL,Edinburgh,EH6 7BG
512,622,2021-10-25 12:35:45.9722926 +01:00,4.48E+11,Leith Assembly Room,NULL,Edinburgh,EH6 7BG
513,623,2021-10-26 12:54:31.1780648 +01:00,4.48E+11,Leith Assembly Room,NULL,Edinburgh,EH6 7BG
514,624,2021-10-29 12:35:35.2772855 +01:00,4.48E+11,Leith Assembly Room,NULL,Edinburgh,EH6 7BG
515,625,2021-10-29 12:53:17.2964182 +01:00,4.48E+11,Leith Assembly Room,NULL,Edinburgh,EH6 7BG
516,626,2021-10-11 12:51:47.6647674 +01:00,4.48E+11,Leith Assembly Room,NULL,Edinburgh,EH6 7BG
517,627,2021-10-11 15:14:33.4977606 +01:00,4.48E+11,Leith Assembly Room,NULL,Edinburgh,EH6 7BG
518,628,2021-10-12 12:34:20.4317261 +01:00,4.48E+11,Leith Assembly Room,NULL,Edinburgh,EH6 7BG
519,629,2021-10-13 12:34:26.0233430 +01:00,4.48E+11,Leith Assembly Room,NULL,Edinburgh,EH6 7BG
520,630,2021-10-13 12:47:56.1716019 +01:00,4.48E+11,Leith Assembly Room,NULL,Edinburgh,EH6 7BG
521,631,2021-10-14 11:50:47.8480324 +01:00,4.48E+11,Leith Assembly Room,NULL,Edinburgh,EH6 7BG
522,632,2021-10-15 12:34:26.1008607 +01:00,4.48E+11,Leith Assembly Room,NULL,Edinburgh,EH6 7BG
523,633,2021-10-15 13:00:32.7101712 +01:00,4.48E+11,Leith Assembly Room,NULL,Edinburgh,EH6 7BG
524,634,2021-10-18 12:33:58.8632973 +01:00,4.48E+11,Leith Assembly Room,NULL,Edinburgh,EH6 7BG
525,635,2021-10-18 12:47:00.9293557 +01:00,4.48E+11,Leith Assembly Room,NULL,Edinburgh,EH6 7BG
526,636,2021-10-19 12:46:08.5490824 +01:00,4.48E+11,Leith Assembly Room,NULL,Edinburgh,EH6 7BG
527,637,2021-10-20 12:48:37.4951837 +01:00,4.48E+11,Leith Assembly Room,NULL,Edinburgh,EH6 7BG
528,638,2021-10-25 12:53:11.2875053 +01:00,4.48E+11,Leith Assembly Room,NULL,Edinburgh,EH6 7BG
529,639,2021-10-26 12:35:46.7510774 +01:00,4.48E+11,Leith Assembly Room,NULL,Edinburgh,EH6 7BG
530,640,2021-11-01 12:36:01.8267154 +00:00,4.48E+11,Leith Assembly Room,NULL,Edinburgh,EH6 7BG
531,641,2021-11-01 12:53:21.0353251 +00:00,4.48E+11,Leith Assembly Room,NULL,Edinburgh,EH6 7BG
532,642,2021-11-02 12:35:42.7510442 +00:00,4.48E+11,Leith Assembly Room,NULL,Edinburgh,EH6 7BG
533,643,2021-11-05 12:52:48.4377148 +00:00,4.48E+11,Leith Assembly Room,NULL,Edinburgh,EH6 7BG
534,644,2021-11-08 12:35:42.7721558 +00:00,4.48E+11,Leith Assembly Room,NULL,Edinburgh,EH6 7BG
535,645,2021-11-08 12:53:09.6036681 +00:00,4.48E+11,Leith Assembly Room,NULL,Edinburgh,EH6 7BG
536,646,2021-11-08 15:55:14.3258339 +00:00,4.48E+11,Leith Assembly Room,NULL,Edinburgh,EH6 7BG
537,647,2021-11-08 16:12:01.8781132 +00:00,4.48E+11,Leith Assembly Room,NULL,Edinburgh,EH6 7BG
538,648,2021-11-09 12:35:34.0588251 +00:00,4.48E+11,Leith Assembly Room,NULL,Edinburgh,EH6 7BG
539,649,2021-11-12 12:54:25.1881463 +00:00,4.48E+11,Leith Assembly Room,NULL,Edinburgh,EH6 7BG
540,650,2021-11-16 12:35:41.3443136 +00:00,4.48E+11,Leith Assembly Room,NULL,Edinburgh,EH6 7BG
541,651,2021-11-16 12:52:54.7726962 +00:00,4.48E+11,Leith Assembly Room,NULL,Edinburgh,EH6 7BG
542,652,2021-11-17 12:34:59.2440262 +00:00,4.48E+11,Leith Assembly Room,NULL,Edinburgh,EH6 7BG
543,653,2021-11-18 12:52:55.0583907 +00:00,4.48E+11,Leith Assembly Room,NULL,Edinburgh,EH6 7BG
544,654,2021-11-19 13:00:13.8177715 +00:00,4.48E+11,Leith Assembly Room,NULL,Edinburgh,EH6 7BG
545,655,2021-11-24 12:48:18.1936014 +00:00,4.48E+11,Leith Assembly Room,NULL,Edinburgh,EH6 7BG
546,656,2021-11-25 12:35:34.4414187 +00:00,4.48E+11,Leith Assembly Room,NULL,Edinburgh,EH6 7BG
547,657,2021-11-25 12:52:51.9009649 +00:00,4.48E+11,Leith Assembly Room,NULL,Edinburgh,EH6 7BG
548,658,2021-11-26 12:35:37.6113331 +00:00,4.48E+11,Leith Assembly Room,NULL,Edinburgh,EH6 7BG
549,659,2021-11-29 12:35:32.3059255 +00:00,4.48E+11,Leith Assembly Room,NULL,Edinburgh,EH6 7BG
550,660,2021-11-29 12:52:45.3452507 +00:00,4.48E+11,Leith Assembly Room,NULL,Edinburgh,EH6 7BG
551,661,2021-11-30 12:35:35.8192183 +00:00,4.48E+11,Leith Assembly Room,NULL,Edinburgh,EH6 7BG
552,662,2021-12-01 12:35:41.5230907 +00:00,4.48E+11,Leith Assembly Room,NULL,Edinburgh,EH6 7BG
553,663,2021-11-02 12:52:55.4133065 +00:00,4.48E+11,Leith Assembly Room,NULL,Edinburgh,EH6 7BG
554,664,2021-11-03 12:35:34.1576364 +00:00,4.48E+11,Leith Assembly Room,NULL,Edinburgh,EH6 7BG
555,665,2021-11-03 12:53:07.0601140 +00:00,4.48E+11,Leith Assembly Room,NULL,Edinburgh,EH6 7BG
556,666,2021-11-04 12:53:17.9634658 +00:00,4.48E+11,Leith Assembly Room,NULL,Edinburgh,EH6 7BG
557,667,2021-11-04 13:11:03.9091644 +00:00,4.48E+11,Leith Assembly Room,NULL,Edinburgh,EH6 7BG
558,668,2021-11-05 12:35:30.0868174 +00:00,4.48E+11,Leith Assembly Room,NULL,Edinburgh,EH6 7BG
559,669,2021-11-09 12:53:00.9413966 +00:00,4.48E+11,Leith Assembly Room,NULL,Edinburgh,EH6 7BG
560,670,2021-11-10 13:03:22.7914028 +00:00,4.48E+11,Leith Assembly Room,NULL,Edinburgh,EH6 7BG
561,671,2021-11-10 13:20:47.3146465 +00:00,4.48E+11,Leith Assembly Room,NULL,Edinburgh,EH6 7BG
562,672,2021-11-11 12:39:03.7352333 +00:00,4.48E+11,Leith Assembly Room,NULL,Edinburgh,EH6 7BG
563,673,2021-11-11 13:01:51.5255503 +00:00,4.48E+11,Leith Assembly Room,NULL,Edinburgh,EH6 7BG
564,674,2021-11-12 12:35:40.9243555 +00:00,4.48E+11,Leith Assembly Room,NULL,Edinburgh,EH6 7BG
565,675,2021-11-15 12:35:45.2723603 +00:00,4.48E+11,Leith Assembly Room,NULL,Edinburgh,EH6 7BG
566,676,2021-11-15 12:53:08.4671675 +00:00,4.48E+11,Leith Assembly Room,NULL,Edinburgh,EH6 7BG
567,677,2021-11-17 12:52:36.3300776 +00:00,4.48E+11,Leith Assembly Room,NULL,Edinburgh,EH6 7BG
568,678,2021-11-18 12:35:42.9273449 +00:00,4.48E+11,Leith Assembly Room,NULL,Edinburgh,EH6 7BG
569,679,2021-11-19 12:35:44.0000096 +00:00,4.48E+11,Leith Assembly Room,NULL,Edinburgh,EH6 7BG
570,680,2021-11-26 12:53:02.5414271 +00:00,4.48E+11,Leith Assembly Room,NULL,Edinburgh,EH6 7BG
571,681,2021-11-30 12:52:54.6869811 +00:00,4.48E+11,Leith Assembly Room,NULL,Edinburgh,EH6 7BG
572,682,2021-12-01 12:53:00.0769567 +00:00,4.48E+11,Leith Assembly Room,NULL,Edinburgh,EH6 7BG
573,683,2021-12-02 13:01:05.4417977 +00:00,4.48E+11,Leith Assembly Room,NULL,Edinburgh,EH6 7BG
574,684,2021-12-06 12:35:36.6103737 +00:00,4.48E+11,Leith Assembly Room,NULL,Edinburgh,EH6 7BG
575,685,2021-12-08 12:49:10.6576847 +00:00,4.48E+11,Leith Assembly Room,NULL,Edinburgh,EH6 7BG
576,686,2021-12-09 12:36:00.7868161 +00:00,4.48E+11,Leith Assembly Room,NULL,Edinburgh,EH6 7BG
577,687,2021-12-09 12:53:55.8626752 +00:00,4.48E+11,Leith Assembly Room,NULL,Edinburgh,EH6 7BG
578,688,2021-12-10 12:53:17.0936005 +00:00,4.48E+11,Leith Assembly Room,NULL,Edinburgh,EH6 7BG
579,689,2021-12-13 12:33:20.9645197 +00:00,4.48E+11,Leith Assembly Room,NULL,Edinburgh,EH6 7BG
580,690,2021-12-13 12:51:04.4628860 +00:00,4.48E+11,Leith Assembly Room,NULL,Edinburgh,EH6 7BG
581,691,2021-12-15 12:35:42.7283200 +00:00,4.48E+11,Leith Assembly Room,NULL,Edinburgh,EH6 7BG
582,692,2021-12-16 12:35:48.8446652 +00:00,4.48E+11,Leith Assembly Room,NULL,Edinburgh,EH6 7BG
583,693,2021-12-17 12:35:40.6031152 +00:00,4.48E+11,Leith Assembly Room,NULL,Edinburgh,EH6 7BG
584,694,2021-12-02 13:19:01.2115351 +00:00,4.48E+11,Leith Assembly Room,NULL,Edinburgh,EH6 7BG
585,695,2021-12-03 12:36:15.9586901 +00:00,4.48E+11,Leith Assembly Room,NULL,Edinburgh,EH6 7BG
586,696,2021-12-03 12:53:48.5383966 +00:00,4.48E+11,Leith Assembly Room,NULL,Edinburgh,EH6 7BG
587,697,2021-12-10 12:35:47.2463932 +00:00,4.48E+11,Leith Assembly Room,NULL,Edinburgh,EH6 7BG
588,698,2021-12-14 12:35:33.7519100 +00:00,4.48E+11,Leith Assembly Room,NULL,Edinburgh,EH6 7BG
589,699,2021-12-14 12:50:57.0040659 +00:00,4.48E+11,Leith Assembly Room,NULL,Edinburgh,EH6 7BG
590,700,2021-12-15 12:53:03.7783934 +00:00,4.48E+11,Leith Assembly Room,NULL,Edinburgh,EH6 7BG
591,701,2021-12-16 12:53:04.4415240 +00:00,4.48E+11,Leith Assembly Room,NULL,Edinburgh,EH6 7BG
592,702,2021-12-17 12:53:09.6173385 +00:00,4.48E+11,Leith Assembly Room,NULL,Edinburgh,EH6 7BG
593,703,2021-12-24 12:35:11.6404479 +00:00,4.48E+11,Leith Assembly Room,NULL,Edinburgh,EH6 7BG
594,704,2022-01-05 12:35:00.4619055 +00:00,4.48E+11,Leith Assembly Room,NULL,Edinburgh,EH6 7BG
595,705,2022-01-05 12:50:39.7606518 +00:00,4.48E+11,Leith Assembly Room,NULL,Edinburgh,EH6 7BG
596,706,2022-01-06 12:35:02.0006606 +00:00,4.48E+11,Leith Assembly Room,NULL,Edinburgh,EH6 7BG
597,707,2022-01-07 12:35:08.6367651 +00:00,4.48E+11,Leith Assembly Room,NULL,Edinburgh,EH6 7BG
598,708,2022-01-07 12:52:09.3411815 +00:00,4.48E+11,Leith Assembly Room,NULL,Edinburgh,EH6 7BG
599,709,2022-01-11 12:35:37.8624597 +00:00,4.48E+11,Leith Assembly Room,NULL,Edinburgh,EH6 7BG
600,710,2022-01-11 12:53:11.2721129 +00:00,4.48E+11,Leith Assembly Room,NULL,Edinburgh,EH6 7BG
601,711,2022-01-12 12:35:12.4088268 +00:00,4.48E+11,Leith Assembly Room,NULL,Edinburgh,EH6 7BG
602,712,2022-01-04 12:35:05.5473562 +00:00,4.48E+11,Leith Assembly Room,NULL,Edinburgh,EH6 7BG
603,713,2022-01-04 12:51:43.0965603 +00:00,4.48E+11,Leith Assembly Room,NULL,Edinburgh,EH6 7BG
604,714,2022-01-06 12:50:59.4742379 +00:00,4.48E+11,Leith Assembly Room,NULL,Edinburgh,EH6 7BG
605,715,2022-01-10 12:35:09.5141470 +00:00,4.48E+11,Leith Assembly Room,NULL,Edinburgh,EH6 7BG
606,716,2022-01-10 12:51:39.9886550 +00:00,4.48E+11,Leith Assembly Room,NULL,Edinburgh,EH6 7BG
607,717,2022-01-12 12:50:59.0082693 +00:00,4.48E+11,Leith Assembly Room,NULL,Edinburgh,EH6 7BG
608,718,2022-01-13 12:36:22.5374544 +00:00,4.48E+11,Leith Assembly Room,NULL,Edinburgh,EH6 7BG
609,719,2022-01-13 12:53:52.5283630 +00:00,4.48E+11,Leith Assembly Room,NULL,Edinburgh,EH6 7BG
610,720,2022-01-14 12:35:31.8896507 +00:00,4.48E+11,Leith Assembly Room,NULL,Edinburgh,EH6 7BG
611,721,2022-01-17 12:51:42.7709406 +00:00,4.48E+11,Leith Assembly Room,NULL,Edinburgh,EH6 7BG
612,722,2022-01-18 12:35:33.6421249 +00:00,4.48E+11,Leith Assembly Room,NULL,Edinburgh,EH6 7BG
613,723,2022-01-18 12:52:43.3967517 +00:00,4.48E+11,Leith Assembly Room,NULL,Edinburgh,EH6 7BG
614,724,2022-01-19 12:36:05.5699059 +00:00,4.48E+11,Leith Assembly Room,NULL,Edinburgh,EH6 7BG
615,725,2022-01-19 12:54:18.3086226 +00:00,4.48E+11,Leith Assembly Room,NULL,Edinburgh,EH6 7BG
616,726,2022-01-20 12:35:34.3868673 +00:00,4.48E+11,Leith Assembly Room,NULL,Edinburgh,EH6 7BG
617,727,2022-01-14 12:52:53.8878584 +00:00,4.48E+11,Leith Assembly Room,NULL,Edinburgh,EH6 7BG
618,728,2022-01-17 12:35:28.2188271 +00:00,4.48E+11,Leith Assembly Room,NULL,Edinburgh,EH6 7BG
619,729,2022-01-20 12:52:50.2667640 +00:00,4.48E+11,Leith Assembly Room,NULL,Edinburgh,EH6 7BG
620,730,2022-01-21 12:35:31.7029168 +00:00,4.48E+11,Leith Assembly Room,NULL,Edinburgh,EH6 7BG
621,731,2022-01-21 12:52:42.4560955 +00:00,4.48E+11,Leith Assembly Room,NULL,Edinburgh,EH6 7BG
622,732,2022-01-24 12:35:43.4339156 +00:00,4.48E+11,Leith Assembly Room,NULL,Edinburgh,EH6 7BG
623,733,2022-01-24 12:53:31.3595048 +00:00,4.48E+11,Leith Assembly Room,NULL,Edinburgh,EH6 7BG
624,734,2022-01-25 12:36:00.5930050 +00:00,4.48E+11,Leith Assembly Room,NULL,Edinburgh,EH6 7BG
625,735,2022-01-25 12:54:09.3016507 +00:00,4.48E+11,Leith Assembly Room,NULL,Edinburgh,EH6 7BG
626,736,2022-01-26 12:38:13.9132763 +00:00,4.48E+11,Leith Assembly Room,NULL,Edinburgh,EH6 7BG
627,737,2022-01-26 13:01:24.8099618 +00:00,4.48E+11,Leith Assembly Room,NULL,Edinburgh,EH6 7BG
628,738,2022-01-27 12:36:36.6078594 +00:00,4.48E+11,Leith Assembly Room,NULL,Edinburgh,EH6 7BG
629,739,2022-01-27 12:54:58.4110598 +00:00,4.48E+11,Leith Assembly Room,NULL,Edinburgh,EH6 7BG
630,740,2022-01-31 12:55:15.8666215 +00:00,4.48E+11,Leith Assembly Room,NULL,Edinburgh,EH6 7BG
631,741,2022-02-01 12:32:42.3578203 +00:00,4.48E+11,Leith Assembly Room,NULL,Edinburgh,EH6 7BG
632,742,2022-02-01 12:49:07.5113040 +00:00,4.48E+11,Leith Assembly Room,NULL,Edinburgh,EH6 7BG
633,743,2022-01-28 12:36:29.4652885 +00:00,4.48E+11,Leith Assembly Room,NULL,Edinburgh,EH6 7BG
634,744,2022-01-28 12:54:36.6841825 +00:00,4.48E+11,Leith Assembly Room,NULL,Edinburgh,EH6 7BG
635,745,2022-01-31 12:36:45.4653244 +00:00,4.48E+11,Leith Assembly Room,NULL,Edinburgh,EH6 7BG
636,746,2022-02-02 12:36:29.2839859 +00:00,4.48E+11,Leith Assembly Room,NULL,Edinburgh,EH6 7BG
637,747,2022-02-02 12:54:27.5963720 +00:00,4.48E+11,Leith Assembly Room,NULL,Edinburgh,EH6 7BG
638,748,2022-02-03 12:36:26.7314327 +00:00,4.48E+11,Leith Assembly Room,NULL,Edinburgh,EH6 7BG
639,749,2022-02-03 12:53:03.8247259 +00:00,4.48E+11,Leith Assembly Room,NULL,Edinburgh,EH6 7BG
640,750,2022-02-07 12:36:26.7218318 +00:00,4.48E+11,Leith Assembly Room,NULL,Edinburgh,EH6 7BG
641,751,2022-02-07 15:13:31.5583978 +00:00,44123,Yes,Yes,Yes,Yes
642,752,2022-02-08 12:35:38.0226584 +00:00,4.48E+11,Leith Assembly Room,NULL,Edinburgh,EH6 7BG
643,753,2022-02-09 12:37:14.0610001 +00:00,4.48E+11,Leith Assembly Room,NULL,Edinburgh,EH6 7BG
644,754,2022-02-10 12:36:30.1968291 +00:00,4.48E+11,Leith Assembly Room,NULL,Edinburgh,EH6 7BG
645,755,2022-02-10 12:54:45.2255560 +00:00,4.48E+11,Leith Assembly Room,NULL,Edinburgh,EH6 7BG
646,756,2022-02-11 12:54:46.8962478 +00:00,4.48E+11,Leith Assembly Room,NULL,Edinburgh,EH6 7BG
647,757,2022-02-14 12:36:40.9822579 +00:00,4.48E+11,Leith Assembly Room,NULL,Edinburgh,EH6 7BG
648,758,2022-02-14 12:54:50.2641036 +00:00,4.48E+11,Leith Assembly Room,NULL,Edinburgh,EH6 7BG
649,759,2022-02-15 12:33:07.1248463 +00:00,4.48E+11,Leith Assembly Room,NULL,Edinburgh,EH6 7BG
650,760,2022-02-16 12:36:57.7786967 +00:00,4.48E+11,Leith Assembly Room,NULL,Edinburgh,EH6 7BG
651,761,2022-02-04 12:35:43.9439946 +00:00,4.48E+11,Leith Assembly Room,NULL,Edinburgh,EH6 7BG
652,762,2022-02-04 12:53:12.3305284 +00:00,4.48E+11,Leith Assembly Room,NULL,Edinburgh,EH6 7BG
653,763,2022-02-07 12:54:13.7497819 +00:00,4.48E+11,Leith Assembly Room,NULL,Edinburgh,EH6 7BG
654,764,2022-02-08 12:52:54.8979572 +00:00,4.48E+11,Leith Assembly Room,NULL,Edinburgh,EH6 7BG
655,765,2022-02-09 12:51:25.5122757 +00:00,NULL,43 Constitution Street,NULL,Leith,EH6 7BG
656,766,2022-02-09 12:51:57.1672378 +00:00,44123456789,43 Constitution Street,NULL,Leith,EH6 7BG
657,767,2022-02-09 12:55:59.9815821 +00:00,4.48E+11,Leith Assembly Room,NULL,Edinburgh,EH6 7BG
658,768,2022-02-11 12:36:35.7879836 +00:00,4.48E+11,Leith Assembly Room,NULL,Edinburgh,EH6 7BG
659,769,2022-02-15 12:51:34.3275672 +00:00,4.48E+11,Leith Assembly Room,NULL,Edinburgh,EH6 7BG
660,770,2022-02-16 12:55:07.1682071 +00:00,4.48E+11,Leith Assembly Room,NULL,Edinburgh,EH6 7BG
661,771,2022-02-17 12:36:38.9963907 +00:00,4.48E+11,Leith Assembly Room,NULL,Edinburgh,EH6 7BG
662,772,2022-02-17 12:54:44.4929344 +00:00,4.48E+11,Leith Assembly Room,NULL,Edinburgh,EH6 7BG
663,773,2022-02-18 12:33:14.0987852 +00:00,4.48E+11,Leith Assembly Room,NULL,Edinburgh,EH6 7BG
664,774,2022-02-18 12:51:54.0175047 +00:00,4.48E+11,Leith Assembly Room,NULL,Edinburgh,EH6 7BG
665,775,2022-02-21 12:36:57.2069210 +00:00,4.48E+11,Leith Assembly Room,NULL,Edinburgh,EH6 7BG
666,776,2022-02-23 12:51:44.1364122 +00:00,4.48E+11,Leith Assembly Room,NULL,Edinburgh,EH6 7BG
667,777,2022-02-25 12:36:33.7136056 +00:00,4.48E+11,Leith Assembly Room,NULL,Edinburgh,EH6 7BG
668,778,2022-02-28 12:35:40.1920688 +00:00,4.48E+11,Leith Assembly Room,NULL,Edinburgh,EH6 7BG
669,779,2022-03-01 12:35:27.6724598 +00:00,4.48E+11,Leith Assembly Room,NULL,Edinburgh,EH6 7BG
670,780,2022-02-21 12:55:21.9680797 +00:00,4.48E+11,Leith Assembly Room,NULL,Edinburgh,EH6 7BG
671,781,2022-02-22 12:37:02.6026844 +00:00,4.48E+11,Leith Assembly Room,NULL,Edinburgh,EH6 7BG
672,782,2022-02-22 12:56:27.8548757 +00:00,4.48E+11,Leith Assembly Room,NULL,Edinburgh,EH6 7BG
673,783,2022-02-23 12:36:34.7054838 +00:00,4.48E+11,Leith Assembly Room,NULL,Edinburgh,EH6 7BG
674,784,2022-02-24 12:36:44.7611624 +00:00,4.48E+11,Leith Assembly Room,NULL,Edinburgh,EH6 7BG
675,785,2022-02-24 12:55:04.0802441 +00:00,4.48E+11,Leith Assembly Room,NULL,Edinburgh,EH6 7BG
676,786,2022-02-25 12:55:01.7579297 +00:00,4.48E+11,Leith Assembly Room,NULL,Edinburgh,EH6 7BG
677,787,2022-02-28 12:51:25.0381484 +00:00,4.48E+11,Leith Assembly Room,NULL,Edinburgh,EH6 7BG
678,788,2022-03-01 12:52:44.2998985 +00:00,4.48E+11,Leith Assembly Room,NULL,Edinburgh,EH6 7BG
679,789,2022-03-01 14:13:03.3256819 +00:00,4412345678,123 Leith Street,NULL,Edinburgh,eh15 2rp
680,790,2022-03-02 12:35:48.8945736 +00:00,4.48E+11,Leith Assembly Room,NULL,Edinburgh,EH6 7BG
681,791,2022-03-02 12:52:56.7835776 +00:00,4.48E+11,Leith Assembly Room,NULL,Edinburgh,EH6 7BG
682,792,2022-03-03 12:35:31.5919353 +00:00,4.48E+11,Leith Assembly Room,NULL,Edinburgh,EH6 7BG
683,793,2022-03-04 12:53:15.8079728 +00:00,4.48E+11,Leith Assembly Room,NULL,Edinburgh,EH6 7BG
684,794,2022-03-07 12:35:44.3546147 +00:00,4.48E+11,Leith Assembly Room,NULL,Edinburgh,EH6 7BG
685,795,2022-03-07 12:53:33.1201030 +00:00,4.48E+11,Leith Assembly Room,NULL,Edinburgh,EH6 7BG
686,796,2022-03-03 12:52:57.5090948 +00:00,4.48E+11,Leith Assembly Room,NULL,Edinburgh,EH6 7BG
687,797,2022-03-04 12:36:03.6527537 +00:00,4.48E+11,Leith Assembly Room,NULL,Edinburgh,EH6 7BG
688,798,2022-03-08 12:35:53.9295164 +00:00,4.48E+11,Leith Assembly Room,NULL,Edinburgh,EH6 7BG
689,799,2022-03-14 12:56:18.6074583 +00:00,4.48E+11,Leith Assembly Room,NULL,Edinburgh,EH6 7BG
690,800,2022-03-15 12:35:54.0086050 +00:00,4.48E+11,Leith Assembly Room,NULL,Edinburgh,EH6 7BG
691,801,2022-03-08 12:53:18.4964707 +00:00,4.48E+11,Leith Assembly Room,NULL,Edinburgh,EH6 7BG
692,802,2022-03-09 12:35:36.6741084 +00:00,4.48E+11,Leith Assembly Room,NULL,Edinburgh,EH6 7BG
693,803,2022-03-09 12:52:48.6039718 +00:00,4.48E+11,Leith Assembly Room,NULL,Edinburgh,EH6 7BG
694,804,2022-03-10 12:36:23.0220415 +00:00,4.48E+11,Leith Assembly Room,NULL,Edinburgh,EH6 7BG
695,805,2022-03-10 12:56:27.1959612 +00:00,4.48E+11,Leith Assembly Room,NULL,Edinburgh,EH6 7BG
696,806,2022-03-11 12:36:11.2918228 +00:00,4.48E+11,Leith Assembly Room,NULL,Edinburgh,EH6 7BG
697,807,2022-03-11 12:56:54.9214997 +00:00,4.48E+11,Leith Assembly Room,NULL,Edinburgh,EH6 7BG
698,808,2022-03-14 12:36:06.8201700 +00:00,4.48E+11,Leith Assembly Room,NULL,Edinburgh,EH6 7BG
699,809,2022-03-15 12:55:44.5391523 +00:00,4.48E+11,Leith Assembly Room,NULL,Edinburgh,EH6 7BG
700,810,2022-03-16 12:37:01.4112945 +00:00,4.48E+11,Leith Assembly Room,NULL,Edinburgh,EH6 7BG
701,811,2022-03-16 12:59:00.0529914 +00:00,4.48E+11,Leith Assembly Room,NULL,Edinburgh,EH6 7BG
702,812,2022-03-17 12:36:11.7754454 +00:00,4.48E+11,Leith Assembly Room,NULL,Edinburgh,EH6 7BG
703,813,2022-03-17 12:56:22.3580892 +00:00,4.48E+11,Leith Assembly Room,NULL,Edinburgh,EH6 7BG
704,814,2022-03-18 12:56:28.8642037 +00:00,4.48E+11,Leith Assembly Room,NULL,Edinburgh,EH6 7BG
705,815,2022-03-21 12:33:51.1806049 +00:00,4.48E+11,Leith Assembly Room,NULL,Edinburgh,EH6 7BG
706,816,2022-03-21 15:59:01.1890750 +00:00,4.48E+11,Leith Assembly Room,NULL,Edinburgh,EH6 7BG
707,817,2022-03-21 16:16:01.2639028 +00:00,4.48E+11,Leith Assembly Room,NULL,Edinburgh,EH6 7BG
708,818,2022-03-22 12:34:58.2035864 +00:00,4.48E+11,Leith Assembly Room,NULL,Edinburgh,EH6 7BG
709,819,2022-03-23 12:35:15.4937263 +00:00,4.48E+11,Leith Assembly Room,NULL,Edinburgh,EH6 7BG
710,820,2022-03-24 12:51:15.0738132 +00:00,4.48E+11,Leith Assembly Room,NULL,Edinburgh,EH6 7BG
711,821,2022-03-28 12:34:48.0730766 +01:00,4.48E+11,Leith Assembly Room,NULL,Edinburgh,EH6 7BG
712,822,2022-03-28 15:45:08.4001497 +01:00,44123456789,123 Leith Street,NULL,Edinburgh,NULL
713,823,2022-03-29 12:52:03.2311738 +01:00,4.48E+11,Leith Assembly Room,NULL,Edinburgh,EH6 7BG
714,824,2022-03-18 12:36:12.3898524 +00:00,4.48E+11,Leith Assembly Room,NULL,Edinburgh,EH6 7BG
715,825,2022-03-21 12:48:48.7883044 +00:00,4.48E+11,Leith Assembly Room,NULL,Edinburgh,EH6 7BG
716,826,2022-03-21 15:18:14.4743324 +00:00,4.48E+11,Leith Assembly Room,NULL,Edinburgh,EH6 7BG
717,827,2022-03-21 15:28:17.0115265 +00:00,4.48E+11,Leith Assembly Room,NULL,Edinburgh,EH6 7BG
718,828,2022-03-22 12:51:21.5094699 +00:00,4.48E+11,Leith Assembly Room,NULL,Edinburgh,EH6 7BG
719,829,2022-03-23 12:52:05.9928219 +00:00,4.48E+11,Leith Assembly Room,NULL,Edinburgh,EH6 7BG
720,830,2022-03-24 12:34:47.3505037 +00:00,4.48E+11,Leith Assembly Room,NULL,Edinburgh,EH6 7BG
721,831,2022-03-25 12:34:45.8324910 +00:00,4.48E+11,Leith Assembly Room,NULL,Edinburgh,EH6 7BG
722,832,2022-03-25 12:51:28.1973747 +00:00,4.48E+11,Leith Assembly Room,NULL,Edinburgh,EH6 7BG
723,833,2022-03-28 12:51:14.9239605 +01:00,4.48E+11,Leith Assembly Room,NULL,Edinburgh,EH6 7BG
724,834,2022-03-29 12:35:14.0185147 +01:00,4.48E+11,Leith Assembly Room,NULL,Edinburgh,EH6 7BG
725,835,2022-03-30 12:35:01.7340142 +01:00,4.48E+11,Leith Assembly Room,NULL,Edinburgh,EH6 7BG
726,836,2022-03-30 12:51:39.6024515 +01:00,4.48E+11,Leith Assembly Room,NULL,Edinburgh,EH6 7BG
727,837,2022-03-31 12:45:21.4192574 +01:00,4.48E+11,Leith Assembly Room,NULL,Edinburgh,EH6 7BG
728,838,2022-04-01 13:26:04.3022361 +01:00,4.48E+11,Leith Assembly Room,NULL,Edinburgh,EH6 7BG
729,839,2022-04-04 12:45:42.5386220 +01:00,4.48E+11,Leith Assembly Room,NULL,Edinburgh,EH6 7BG
730,840,2022-04-04 13:25:46.1264524 +01:00,4.48E+11,Leith Assembly Room,NULL,Edinburgh,EH6 7BG
731,841,2022-04-05 12:44:54.9550036 +01:00,4.48E+11,Leith Assembly Room,NULL,Edinburgh,EH6 7BG
732,842,2022-03-31 13:24:53.5752232 +01:00,4.48E+11,Leith Assembly Room,NULL,Edinburgh,EH6 7BG
733,843,2022-04-01 12:44:52.8378891 +01:00,4.48E+11,Leith Assembly Room,NULL,Edinburgh,EH6 7BG
734,844,2022-04-05 13:10:41.4516638 +01:00,4.48E+11,Leith Assembly Room,NULL,Edinburgh,EH6 7BG
735,845,2022-04-06 12:45:44.4806219 +01:00,4.48E+11,Leith Assembly Room,NULL,Edinburgh,EH6 7BG
736,846,2022-04-06 13:28:07.7483823 +01:00,4.48E+11,Leith Assembly Room,NULL,Edinburgh,EH6 7BG
737,847,2022-05-02 17:20:29.5963556 +01:00,4.48E+11,Leith Assembly Room,NULL,Edinburgh,EH6 7BG
738,848,2022-05-02 18:03:08.0845895 +01:00,4.48E+11,Leith Assembly Room,NULL,Edinburgh,EH6 7BG
739,849,2022-05-03 11:20:46.9548174 +01:00,4.48E+11,Leith Assembly Room,NULL,Edinburgh,EH6 7BG
740,850,2022-05-05 14:19:06.0044778 +01:00,4.48E+11,Leith Assembly Room,NULL,Edinburgh,EH6 7BG
741,851,2022-05-05 15:05:42.0493224 +01:00,4.48E+11,Leith Assembly Room,NULL,Edinburgh,EH6 7BG
742,852,2022-05-06 14:15:30.6374430 +01:00,4.48E+11,Leith Assembly Room,NULL,Edinburgh,EH6 7BG
743,853,2022-05-06 14:54:14.3136136 +01:00,4.48E+11,Leith Assembly Room,NULL,Edinburgh,EH6 7BG
744,854,2022-05-08 14:14:40.3210100 +01:00,4.48E+11,Leith Assembly Room,NULL,Edinburgh,EH6 7BG
745,855,2022-05-08 14:51:36.5710942 +01:00,4.48E+11,Leith Assembly Room,NULL,Edinburgh,EH6 7BG
746,856,2022-05-09 14:18:28.7598521 +01:00,4.48E+11,Leith Assembly Room,NULL,Edinburgh,EH6 7BG
747,857,2022-05-10 14:11:28.2446060 +01:00,4.48E+11,Leith Assembly Room,NULL,Edinburgh,EH6 7BG
748,858,2022-05-10 14:52:36.4898596 +01:00,4.48E+11,Leith Assembly Room,NULL,Edinburgh,EH6 7BG
749,859,2022-05-11 14:57:33.4085343 +01:00,4.48E+11,Leith Assembly Room,NULL,Edinburgh,EH6 7BG
750,860,2022-05-14 14:15:40.7542513 +01:00,4.48E+11,Leith Assembly Room,NULL,Edinburgh,EH6 7BG
751,861,2022-05-14 14:55:54.1498037 +01:00,4.48E+11,Leith Assembly Room,NULL,Edinburgh,EH6 7BG
752,862,2022-05-16 14:17:06.3539002 +01:00,4.48E+11,Leith Assembly Room,NULL,Edinburgh,EH6 7BG
753,863,2022-05-03 12:01:33.4559517 +01:00,4.48E+11,Leith Assembly Room,NULL,Edinburgh,EH6 7BG
754,864,2022-05-03 14:04:10.6240811 +01:00,4.48E+11,Leith Assembly Room,NULL,Edinburgh,EH6 7BG
755,865,2022-05-03 14:45:48.9226653 +01:00,4.48E+11,Leith Assembly Room,NULL,Edinburgh,EH6 7BG
756,866,2022-05-04 14:16:59.1507936 +01:00,4.48E+11,Leith Assembly Room,NULL,Edinburgh,EH6 7BG
757,867,2022-05-04 15:02:21.9595334 +01:00,4.48E+11,Leith Assembly Room,NULL,Edinburgh,EH6 7BG
758,868,2022-05-07 14:14:53.3218387 +01:00,4.48E+11,Leith Assembly Room,NULL,Edinburgh,EH6 7BG
759,869,2022-05-09 15:03:18.3585726 +01:00,4.48E+11,Leith Assembly Room,NULL,Edinburgh,EH6 7BG
760,870,2022-05-11 14:16:52.1122676 +01:00,4.48E+11,Leith Assembly Room,NULL,Edinburgh,EH6 7BG
761,871,2022-05-13 14:16:14.7361743 +01:00,4.48E+11,Leith Assembly Room,NULL,Edinburgh,EH6 7BG
762,872,2022-05-13 14:58:23.4912220 +01:00,4.48E+11,Leith Assembly Room,NULL,Edinburgh,EH6 7BG
763,873,2022-05-15 14:16:21.3896151 +01:00,4.48E+11,Leith Assembly Room,NULL,Edinburgh,EH6 7BG
764,874,2022-05-15 14:54:07.6979486 +01:00,4.48E+11,Leith Assembly Room,NULL,Edinburgh,EH6 7BG
765,875,2022-05-16 14:59:51.8437933 +01:00,4.48E+11,Leith Assembly Room,NULL,Edinburgh,EH6 7BG
766,876,2022-05-17 14:17:17.0674098 +01:00,4.48E+11,Leith Assembly Room,NULL,Edinburgh,EH6 7BG
767,877,2022-05-17 15:03:55.0201358 +01:00,4.48E+11,Leith Assembly Room,NULL,Edinburgh,EH6 7BG
768,878,2022-05-18 14:17:09.2298280 +01:00,4.48E+11,Leith Assembly Room,NULL,Edinburgh,EH6 7BG
769,879,2022-05-21 14:56:16.6068795 +01:00,4.48E+11,Leith Assembly Room,NULL,Edinburgh,EH6 7BG
770,880,2022-05-18 15:03:00.6397462 +01:00,4.48E+11,Leith Assembly Room,NULL,Edinburgh,EH6 7BG
771,881,2022-05-19 14:17:44.3766912 +01:00,4.48E+11,Leith Assembly Room,NULL,Edinburgh,EH6 7BG
772,882,2022-05-19 15:01:19.3633535 +01:00,4.48E+11,Leith Assembly Room,NULL,Edinburgh,EH6 7BG
773,883,2022-05-21 14:15:48.0383701 +01:00,4.48E+11,Leith Assembly Room,NULL,Edinburgh,EH6 7BG
774,884,2022-05-22 14:15:47.3042518 +01:00,4.48E+11,Leith Assembly Room,NULL,Edinburgh,EH6 7BG
775,885,2022-05-23 15:01:51.7668707 +01:00,4.48E+11,Leith Assembly Room,NULL,Edinburgh,EH6 7BG
776,886,2022-05-22 14:56:38.6389823 +01:00,4.48E+11,Leith Assembly Room,NULL,Edinburgh,EH6 7BG
777,887,2022-05-23 14:16:56.0271631 +01:00,4.48E+11,Leith Assembly Room,NULL,Edinburgh,EH6 7BG
778,888,2022-05-24 14:17:43.0814119 +01:00,4.48E+11,Leith Assembly Room,NULL,Edinburgh,EH6 7BG
779,889,2022-05-25 14:58:45.6280111 +01:00,4.48E+11,Leith Assembly Room,NULL,Edinburgh,EH6 7BG
780,890,2022-05-26 14:17:49.8716535 +01:00,4.48E+11,Leith Assembly Room,NULL,Edinburgh,EH6 7BG
781,891,2022-05-24 15:00:37.2339638 +01:00,4.48E+11,Leith Assembly Room,NULL,Edinburgh,EH6 7BG
782,892,2022-05-25 14:17:18.7364409 +01:00,4.48E+11,Leith Assembly Room,NULL,Edinburgh,EH6 7BG
783,893,2022-05-26 15:05:35.6983202 +01:00,4.48E+11,Leith Assembly Room,NULL,Edinburgh,EH6 7BG
784,894,2022-05-27 14:15:47.2779582 +01:00,4.48E+11,Leith Assembly Room,NULL,Edinburgh,EH6 7BG
785,895,2022-05-28 14:15:02.3384248 +01:00,4.48E+11,Leith Assembly Room,NULL,Edinburgh,EH6 7BG
786,896,2022-05-29 14:12:07.2537587 +01:00,4.48E+11,Leith Assembly Room,NULL,Edinburgh,EH6 7BG
787,897,2022-05-27 14:57:43.1520155 +01:00,4.48E+11,Leith Assembly Room,NULL,Edinburgh,EH6 7BG
788,898,2022-05-28 14:51:47.1069479 +01:00,4.48E+11,Leith Assembly Room,NULL,Edinburgh,EH6 7BG
789,899,2022-05-30 14:16:10.6738001 +01:00,4.48E+11,Leith Assembly Room,NULL,Edinburgh,EH6 7BG
790,900,2022-05-31 14:16:01.4878090 +01:00,4.48E+11,Leith Assembly Room,NULL,Edinburgh,EH6 7BG
791,901,2022-05-30 14:54:13.3730513 +01:00,4.48E+11,Leith Assembly Room,NULL,Edinburgh,EH6 7BG
792,902,2022-05-31 14:57:15.5706962 +01:00,4.48E+11,Leith Assembly Room,NULL,Edinburgh,EH6 7BG
793,903,2022-06-01 14:16:02.5002714 +01:00,4.48E+11,Leith Assembly Room,NULL,Edinburgh,EH6 7BG
794,904,2022-06-01 14:54:33.1314001 +01:00,4.48E+11,Leith Assembly Room,NULL,Edinburgh,EH6 7BG
795,905,2022-06-09 14:15:17.1772572 +01:00,4.48E+11,Leith Assembly Room,NULL,Edinburgh,EH6 7BG
796,906,2022-06-10 14:52:42.8983916 +01:00,4.48E+11,Leith Assembly Room,NULL,Edinburgh,EH6 7BG
797,907,2022-06-11 14:51:07.4129823 +01:00,4.48E+11,Leith Assembly Room,NULL,Edinburgh,EH6 7BG
798,908,2022-06-13 14:16:45.4930007 +01:00,4.48E+11,Leith Assembly Room,NULL,Edinburgh,EH6 7BG
799,909,2022-06-13 14:58:02.6656556 +01:00,4.48E+11,Leith Assembly Room,NULL,Edinburgh,EH6 7BG
800,910,2022-06-14 14:56:01.2540409 +01:00,4.48E+11,Leith Assembly Room,NULL,Edinburgh,EH6 7BG
801,911,2022-06-15 14:12:44.6779347 +01:00,4.48E+11,Leith Assembly Room,NULL,Edinburgh,EH6 7BG
802,912,2022-06-15 14:50:51.2508985 +01:00,4.48E+11,Leith Assembly Room,NULL,Edinburgh,EH6 7BG
803,913,2022-06-16 14:16:26.8189332 +01:00,4.48E+11,Leith Assembly Room,NULL,Edinburgh,EH6 7BG
804,914,2022-06-16 14:54:25.5477804 +01:00,4.48E+11,Leith Assembly Room,NULL,Edinburgh,EH6 7BG
805,915,2022-06-09 14:53:01.6971107 +01:00,4.48E+11,Leith Assembly Room,NULL,Edinburgh,EH6 7BG
806,916,2022-06-10 14:16:06.6968565 +01:00,4.48E+11,Leith Assembly Room,NULL,Edinburgh,EH6 7BG
807,917,2022-06-11 14:14:47.8098396 +01:00,4.48E+11,Leith Assembly Room,NULL,Edinburgh,EH6 7BG
808,918,2022-06-12 14:14:57.1123366 +01:00,4.48E+11,Leith Assembly Room,NULL,Edinburgh,EH6 7BG
809,919,2022-06-12 14:50:36.2896325 +01:00,4.48E+11,Leith Assembly Room,NULL,Edinburgh,EH6 7BG
810,920,2022-06-14 14:16:46.5616801 +01:00,4.48E+11,Leith Assembly Room,NULL,Edinburgh,EH6 7BG
811,921,2022-06-18 14:16:16.1490515 +01:00,4.48E+11,Leith Assembly Room,NULL,Edinburgh,EH6 7BG
812,922,2022-06-19 14:15:29.2088197 +01:00,4.48E+11,Leith Assembly Room,NULL,Edinburgh,EH6 7BG
813,923,2022-06-18 14:53:49.1007042 +01:00,4.48E+11,Leith Assembly Room,NULL,Edinburgh,EH6 7BG
814,924,2022-06-19 14:51:58.1315232 +01:00,4.48E+11,Leith Assembly Room,NULL,Edinburgh,EH6 7BG
815,925,2022-06-20 14:16:04.4602519 +01:00,4.48E+11,Leith Assembly Room,NULL,Edinburgh,EH6 7BG
816,926,2022-06-20 14:53:27.0396022 +01:00,4.48E+11,Leith Assembly Room,NULL,Edinburgh,EH6 7BG
817,927,2022-06-21 14:17:43.0120087 +01:00,4.48E+11,Leith Assembly Room,NULL,Edinburgh,EH6 7BG
818,928,2022-06-22 14:12:45.7232369 +01:00,4.48E+11,Leith Assembly Room,NULL,Edinburgh,EH6 7BG
819,929,2022-06-22 15:14:02.1216917 +01:00,4.48E+11,Leith Assembly Room,NULL,Edinburgh,EH6 7BG
820,930,2022-06-23 14:54:39.2809509 +01:00,4.48E+11,Leith Assembly Room,NULL,Edinburgh,EH6 7BG
821,931,2022-06-24 14:15:41.6586142 +01:00,4.48E+11,Leith Assembly Room,NULL,Edinburgh,EH6 7BG
822,932,2022-06-26 14:14:49.3178001 +01:00,4.48E+11,Leith Assembly Room,NULL,Edinburgh,EH6 7BG
823,933,2022-06-26 14:38:25.5915406 +01:00,4.48E+11,Leith Assembly Room,NULL,Edinburgh,EH6 7BG
824,934,2022-06-27 14:17:03.0218087 +01:00,4.48E+11,Leith Assembly Room,NULL,Edinburgh,EH6 7BG
825,935,2022-06-27 16:15:22.5761573 +01:00,4.48E+11,Leith Assembly Room,NULL,Edinburgh,EH6 7BG
826,936,2022-06-29 14:16:10.3705384 +01:00,4.48E+11,Leith Assembly Room,NULL,Edinburgh,EH6 7BG
827,937,2022-06-30 14:14:59.3411330 +01:00,4.48E+11,Leith Assembly Room,NULL,Edinburgh,EH6 7BG
828,938,2022-06-21 14:34:11.2852023 +01:00,4.48E+11,NULL,NULL,NULL,NULL
829,939,2022-06-21 14:34:19.1956426 +01:00,NULL,1,NULL,NULL,NULL
830,940,2022-06-21 14:34:26.1974163 +01:00,NULL,1,2,3,4
831,941,2022-06-21 14:34:34.5235178 +01:00,NULL,NULL,NULL,NULL,NULL
832,942,2022-06-21 14:39:52.4036991 +01:00,4.48E+11,Leith Assembly Room,NULL,Edinburgh,EH6 7BG
833,943,2022-06-22 14:31:00.2005394 +01:00,4.48E+11,Leith Assembly Room,NULL,Edinburgh,EH6 7BG
834,944,2022-06-23 14:16:06.3251278 +01:00,4.48E+11,Leith Assembly Room,NULL,Edinburgh,EH6 7BG
835,945,2022-06-24 14:41:26.1399446 +01:00,4.48E+11,Leith Assembly Room,NULL,Edinburgh,EH6 7BG
836,946,2022-06-25 14:15:00.6268439 +01:00,4.48E+11,Leith Assembly Room,NULL,Edinburgh,EH6 7BG
837,947,2022-06-25 14:39:09.4862673 +01:00,4.48E+11,Leith Assembly Room,NULL,Edinburgh,EH6 7BG
838,948,2022-06-27 14:41:01.2369121 +01:00,4.48E+11,Leith Assembly Room,NULL,Edinburgh,EH6 7BG
839,949,2022-06-27 15:44:48.5007259 +01:00,4.48E+11,Leith Assembly Room,NULL,Edinburgh,EH6 7BG
840,950,2022-06-27 15:51:04.0799371 +01:00,4.48E+11,Leith Assembly Room,NULL,Edinburgh,EH6 7BG
841,951,2022-06-27 15:54:24.6192927 +01:00,4.48E+11,Leith Assembly Room,NULL,Edinburgh,EH6 7BG
842,952,2022-06-27 16:55:23.9854898 +01:00,4.48E+11,Leith Assembly Room,NULL,Edinburgh,EH6 7BG
843,953,2022-06-28 14:16:10.3497763 +01:00,4.48E+11,Leith Assembly Room,NULL,Edinburgh,EH6 7BG
844,954,2022-06-28 14:54:16.6980682 +01:00,4.48E+11,Leith Assembly Room,NULL,Edinburgh,EH6 7BG
845,955,2022-06-29 14:56:03.8889649 +01:00,4.48E+11,Leith Assembly Room,NULL,Edinburgh,EH6 7BG
846,956,2022-06-30 14:53:28.2376451 +01:00,4.48E+11,Leith Assembly Room,NULL,Edinburgh,EH6 7BG
847,957,2022-07-02 14:16:03.0976233 +01:00,4.48E+11,Leith Assembly Room,NULL,Edinburgh,EH6 7BG
848,958,2022-07-02 14:53:22.1908824 +01:00,4.48E+11,Leith Assembly Room,NULL,Edinburgh,EH6 7BG
849,959,2022-07-03 14:15:22.1034332 +01:00,4.48E+11,Leith Assembly Room,NULL,Edinburgh,EH6 7BG
850,960,2022-07-05 14:16:23.6667516 +01:00,4.48E+11,Leith Assembly Room,NULL,Edinburgh,EH6 7BG
851,961,2022-07-05 14:55:38.2749186 +01:00,4.48E+11,Leith Assembly Room,NULL,Edinburgh,EH6 7BG
852,962,2022-07-06 14:15:54.9909069 +01:00,4.48E+11,Leith Assembly Room,NULL,Edinburgh,EH6 7BG
853,963,2022-07-06 14:55:07.5911777 +01:00,4.48E+11,Leith Assembly Room,NULL,Edinburgh,EH6 7BG
854,964,2022-07-03 14:51:42.1016205 +01:00,4.48E+11,Leith Assembly Room,NULL,Edinburgh,EH6 7BG
855,965,2022-07-04 14:16:38.3964228 +01:00,4.48E+11,Leith Assembly Room,NULL,Edinburgh,EH6 7BG
856,966,2022-07-04 14:54:12.1830450 +01:00,4.48E+11,Leith Assembly Room,NULL,Edinburgh,EH6 7BG
857,967,2022-07-07 14:12:34.8307818 +01:00,4.48E+11,Leith Assembly Room,NULL,Edinburgh,EH6 7BG
858,968,2022-07-08 14:16:51.9569375 +01:00,4.48E+11,Leith Assembly Room,NULL,Edinburgh,EH6 7BG
859,969,2022-07-08 14:55:37.3502718 +01:00,4.48E+11,Leith Assembly Room,NULL,Edinburgh,EH6 7BG
860,970,2022-07-10 14:17:59.2504447 +01:00,4.48E+11,Leith Assembly Room,NULL,Edinburgh,EH6 7BG
861,971,2022-07-10 14:49:47.9520834 +01:00,4.48E+11,Leith Assembly Room,NULL,Edinburgh,EH6 7BG
862,972,2022-07-11 14:55:54.7672642 +01:00,4.48E+11,Leith Assembly Room,NULL,Edinburgh,EH6 7BG
863,973,2022-07-13 07:05:17.1328828 +01:00,4.48E+11,Leith Assembly Room,NULL,Edinburgh,EH6 7BG
864,974,2022-07-13 07:17:16.8564068 +01:00,4.48E+11,Leith Assembly Room,NULL,Edinburgh,EH6 7BG
865,975,2022-07-14 07:19:13.9105630 +01:00,4.48E+11,Leith Assembly Room,NULL,Edinburgh,EH6 7BG
866,976,2022-07-15 07:05:41.5399911 +01:00,4.48E+11,Leith Assembly Room,NULL,Edinburgh,EH6 7BG
867,977,2022-07-15 07:17:34.6702308 +01:00,4.48E+11,Leith Assembly Room,NULL,Edinburgh,EH6 7BG
868,978,2022-07-18 07:05:41.1299319 +01:00,4.48E+11,Leith Assembly Room,NULL,Edinburgh,EH6 7BG
869,979,2022-07-18 07:17:20.8676246 +01:00,4.48E+11,Leith Assembly Room,NULL,Edinburgh,EH6 7BG
870,980,2022-07-19 07:05:17.7524829 +01:00,4.48E+11,Leith Assembly Room,NULL,Edinburgh,EH6 7BG
871,981,2022-07-20 07:07:02.6526821 +01:00,4.48E+11,Leith Assembly Room,NULL,Edinburgh,EH6 7BG
872,982,2022-07-20 07:20:08.7162966 +01:00,4.48E+11,Leith Assembly Room,NULL,Edinburgh,EH6 7BG
873,983,2022-07-21 07:05:41.6429203 +01:00,4.48E+11,Leith Assembly Room,NULL,Edinburgh,EH6 7BG
874,984,2022-07-23 07:05:34.2227773 +01:00,4.48E+11,Leith Assembly Room,NULL,Edinburgh,EH6 7BG
875,985,2022-07-23 07:16:51.6625745 +01:00,4.48E+11,Leith Assembly Room,NULL,Edinburgh,EH6 7BG
876,986,2022-07-25 07:06:00.3236277 +01:00,4.48E+11,Leith Assembly Room,NULL,Edinburgh,EH6 7BG
877,987,2022-07-26 07:05:45.0348017 +01:00,4.48E+11,Leith Assembly Room,NULL,Edinburgh,EH6 7BG
878,988,2022-07-26 07:17:39.8972545 +01:00,4.48E+11,Leith Assembly Room,NULL,Edinburgh,EH6 7BG
879,989,2022-07-27 07:06:23.9185886 +01:00,4.48E+11,Leith Assembly Room,NULL,Edinburgh,EH6 7BG
880,990,2022-07-27 07:19:40.3559278 +01:00,4.48E+11,Leith Assembly Room,NULL,Edinburgh,EH6 7BG
881,991,2022-07-07 14:49:50.6521299 +01:00,4.48E+11,Leith Assembly Room,NULL,Edinburgh,EH6 7BG
882,992,2022-07-09 14:15:13.2273112 +01:00,4.48E+11,Leith Assembly Room,NULL,Edinburgh,EH6 7BG
883,993,2022-07-09 14:49:59.3893841 +01:00,4.48E+11,Leith Assembly Room,NULL,Edinburgh,EH6 7BG
884,994,2022-07-11 14:17:28.8703336 +01:00,4.48E+11,Leith Assembly Room,NULL,Edinburgh,EH6 7BG
885,995,2022-07-14 07:06:12.2978059 +01:00,4.48E+11,Leith Assembly Room,NULL,Edinburgh,EH6 7BG
886,996,2022-07-16 07:05:02.0122246 +01:00,4.48E+11,Leith Assembly Room,NULL,Edinburgh,EH6 7BG
887,997,2022-07-16 07:16:41.0115844 +01:00,4.48E+11,Leith Assembly Room,NULL,Edinburgh,EH6 7BG
888,998,2022-07-19 07:17:00.7924833 +01:00,4.48E+11,Leith Assembly Room,NULL,Edinburgh,EH6 7BG
889,999,2022-07-19 16:45:58.9518717 +01:00,4.48E+11,43 Constitution Street,NULL,Edinburgh,NULL
890,1000,2022-07-21 07:18:58.5583958 +01:00,4.48E+11,Leith Assembly Room,NULL,Edinburgh,EH6 7BG
891,1001,2022-07-25 07:18:22.7228653 +01:00,4.48E+11,Leith Assembly Room,NULL,Edinburgh,EH6 7BG
892,1002,2022-07-28 07:05:54.7496585 +01:00,4.48E+11,Leith Assembly Room,NULL,Edinburgh,EH6 7BG
893,1003,2022-07-28 07:18:02.8508808 +01:00,4.48E+11,Leith Assembly Room,NULL,Edinburgh,EH6 7BG
894,1004,2022-07-29 07:05:57.3828055 +01:00,4.48E+11,Leith Assembly Room,NULL,Edinburgh,EH6 7BG
895,1005,2022-07-29 07:20:19.7188271 +01:00,4.48E+11,Leith Assembly Room,NULL,Edinburgh,EH6 7BG
896,1006,2022-07-30 07:17:40.6556293 +01:00,4.48E+11,Leith Assembly Room,NULL,Edinburgh,EH6 7BG
897,1007,2022-07-31 07:16:49.6615892 +01:00,4.48E+11,Leith Assembly Room,NULL,Edinburgh,EH6 7BG
898,1008,2022-08-01 07:05:53.4437601 +01:00,4.48E+11,Leith Assembly Room,NULL,Edinburgh,EH6 7BG
899,1009,2022-07-30 07:05:44.9249984 +01:00,4.48E+11,Leith Assembly Room,NULL,Edinburgh,EH6 7BG
900,1010,2022-07-31 07:05:11.4412584 +01:00,4.48E+11,Leith Assembly Room,NULL,Edinburgh,EH6 7BG
901,1011,2022-08-01 07:17:52.1143381 +01:00,4.48E+11,Leith Assembly Room,NULL,Edinburgh,EH6 7BG
902,1012,2022-08-09 20:23:35.5229969 +01:00,NULL,NULL,NULL,NULL,postcode update
903,1013,2022-08-29 14:15:31.0404198 +01:00,4.48E+11,Leith Assembly Room,NULL,Edinburgh,EH6 7BG
904,1014,2022-08-29 14:27:38.3455817 +01:00,4.48E+11,Leith Assembly Room,NULL,Edinburgh,EH6 7BG
905,1015,2022-08-31 01:06:05.2204976 +01:00,4.48E+11,Leith Assembly Room,NULL,Edinburgh,EH6 7BG
906,1016,2022-09-01 01:06:11.8447197 +01:00,4.48E+11,Leith Assembly Room,NULL,Edinburgh,EH6 7BG
907,1017,2022-09-01 01:18:59.4162927 +01:00,4.48E+11,Leith Assembly Room,NULL,Edinburgh,EH6 7BG
908,1018,2022-08-29 16:49:16.5779230 +01:00,4.48E+11,Leith Assembly Room,NULL,Edinburgh,EH6 7BG
909,1019,2022-09-02 01:05:46.2615014 +01:00,4.48E+11,Leith Assembly Room,NULL,Edinburgh,EH6 7BG
910,1020,2022-09-03 01:05:51.5488822 +01:00,4.48E+11,Leith Assembly Room,NULL,Edinburgh,EH6 7BG
911,1021,2022-09-03 01:17:11.4414896 +01:00,4.48E+11,Leith Assembly Room,NULL,Edinburgh,EH6 7BG
912,1022,2022-09-04 01:05:54.2744532 +01:00,4.48E+11,Leith Assembly Room,NULL,Edinburgh,EH6 7BG
913,1023,2022-09-04 01:15:36.3203417 +01:00,4.48E+11,Leith Assembly Room,NULL,Edinburgh,EH6 7BG
914,1024,2022-09-05 01:05:53.4196340 +01:00,4.48E+11,Leith Assembly Room,NULL,Edinburgh,EH6 7BG
915,1025,2022-09-06 01:16:24.0639994 +01:00,4.48E+11,Leith Assembly Room,NULL,Edinburgh,EH6 7BG
916,1026,2022-09-07 01:05:51.6067549 +01:00,4.48E+11,Leith Assembly Room,NULL,Edinburgh,EH6 7BG
917,1027,2022-09-08 01:16:47.4705230 +01:00,4.48E+11,Leith Assembly Room,NULL,Edinburgh,EH6 7BG
918,1028,2022-09-05 01:17:45.8586634 +01:00,4.48E+11,Leith Assembly Room,NULL,Edinburgh,EH6 7BG
919,1029,2022-09-06 01:05:38.6837869 +01:00,4.48E+11,Leith Assembly Room,NULL,Edinburgh,EH6 7BG
920,1030,2022-09-07 01:17:07.2195121 +01:00,4.48E+11,Leith Assembly Room,NULL,Edinburgh,EH6 7BG
921,1031,2022-09-07 09:55:21.9724871 +01:00,44,NULL,NULL,NULL,NULL
922,1032,2022-09-08 01:05:51.0242887 +01:00,4.48E+11,Leith Assembly Room,NULL,Edinburgh,EH6 7BG
923,1033,2022-09-09 01:05:47.4678878 +01:00,4.48E+11,Leith Assembly Room,NULL,Edinburgh,EH6 7BG
924,1034,2022-09-09 01:15:52.6824275 +01:00,4.48E+11,Leith Assembly Room,NULL,Edinburgh,EH6 7BG
925,1035,2022-09-09 11:04:22.4806226 +01:00,4.48E+11,Leith Assembly Room,NULL,Edinburgh,EH6 7BG
926,1036,2022-09-09 11:18:55.3800371 +01:00,4.48E+11,Leith Assembly Room,NULL,Edinburgh,EH6 7BG
927,1037,2022-09-10 01:06:09.7976608 +01:00,4.48E+11,Leith Assembly Room,NULL,Edinburgh,EH6 7BG
928,1038,2022-09-10 01:16:23.2286037 +01:00,4.48E+11,Leith Assembly Room,NULL,Edinburgh,EH6 7BG
929,1039,2022-09-11 01:05:53.7161810 +01:00,4.48E+11,Leith Assembly Room,NULL,Edinburgh,EH6 7BG
930,1040,2022-09-12 01:05:47.3025921 +01:00,4.48E+11,Leith Assembly Room,NULL,Edinburgh,EH6 7BG
931,1041,2022-09-12 01:16:02.4651316 +01:00,4.48E+11,Leith Assembly Room,NULL,Edinburgh,EH6 7BG
932,1042,2022-09-13 01:05:52.7151862 +01:00,4.48E+11,Leith Assembly Room,NULL,Edinburgh,EH6 7BG
933,1043,2022-09-13 01:17:10.5582403 +01:00,4.48E+11,Leith Assembly Room,NULL,Edinburgh,EH6 7BG
934,1044,2022-09-11 01:16:36.3374913 +01:00,4.48E+11,Leith Assembly Room,NULL,Edinburgh,EH6 7BG
935,1045,2022-09-12 11:26:35.4510906 +01:00,4.48E+11,Leith Assembly Room,NULL,Edinburgh,EH6 7BG
936,1046,2022-09-12 14:17:46.3271232 +01:00,4.48E+11,Leith Assembly Room,NULL,Edinburgh,EH6 7BG
937,1047,2022-09-13 14:00:16.3632839 +01:00,4.48E+11,Leith Assembly Room,NULL,Edinburgh,EH6 7BG
938,1048,2022-09-13 14:08:12.4025400 +01:00,4.48E+11,Leith Assembly Room,NULL,Edinburgh,EH6 7BG
939,1049,2022-09-17 00:35:30.4634463 +01:00,4.48E+11,Leith Assembly Room,NULL,Edinburgh,EH6 7BG
940,1050,2022-09-17 00:46:54.9011064 +01:00,4.48E+11,Leith Assembly Room,NULL,Edinburgh,EH6 7BG
941,1051,2022-09-18 00:35:51.6701781 +01:00,4.48E+11,Leith Assembly Room,NULL,Edinburgh,EH6 7BG
942,1052,2022-09-19 00:35:40.0679641 +01:00,4.48E+11,Leith Assembly Room,NULL,Edinburgh,EH6 7BG
943,1053,2022-09-19 00:48:33.5588853 +01:00,4.48E+11,Leith Assembly Room,NULL,Edinburgh,EH6 7BG
944,1054,2022-09-20 00:35:54.3281749 +01:00,4.48E+11,Leith Assembly Room,NULL,Edinburgh,EH6 7BG
945,1055,2022-09-20 00:46:49.8954786 +01:00,4.48E+11,Leith Assembly Room,NULL,Edinburgh,EH6 7BG
946,1056,2022-09-21 00:35:42.4130210 +01:00,4.48E+11,Leith Assembly Room,NULL,Edinburgh,EH6 7BG
947,1057,2022-09-21 00:47:07.3008219 +01:00,4.48E+11,Leith Assembly Room,NULL,Edinburgh,EH6 7BG
948,1058,2022-09-22 00:50:47.0101860 +01:00,4.48E+11,Leith Assembly Room,NULL,Edinburgh,EH6 7BG
949,1059,2022-09-23 00:35:45.4017002 +01:00,4.48E+11,Leith Assembly Room,NULL,Edinburgh,EH6 7BG
950,1060,2022-09-23 00:49:37.0633340 +01:00,4.48E+11,Leith Assembly Room,NULL,Edinburgh,EH6 7BG
951,1061,2022-09-24 00:35:18.4799544 +01:00,4.48E+11,Leith Assembly Room,NULL,Edinburgh,EH6 7BG
952,1062,2022-09-24 00:47:12.3010637 +01:00,4.48E+11,Leith Assembly Room,NULL,Edinburgh,EH6 7BG
953,1063,2022-09-27 00:35:41.4124784 +01:00,4.48E+11,Leith Assembly Room,NULL,Edinburgh,EH6 7BG
954,1064,2022-09-28 00:36:06.4953789 +01:00,4.48E+11,Leith Assembly Room,NULL,Edinburgh,EH6 7BG
955,1065,2022-09-28 00:49:58.1240522 +01:00,4.48E+11,Leith Assembly Room,NULL,Edinburgh,EH6 7BG
956,1066,2022-09-29 00:35:42.3394775 +01:00,4.48E+11,Leith Assembly Room,NULL,Edinburgh,EH6 7BG
957,1067,2022-09-29 00:46:55.7647971 +01:00,4.48E+11,Leith Assembly Room,NULL,Edinburgh,EH6 7BG
958,1068,2022-09-30 00:35:32.5269588 +01:00,4.48E+11,Leith Assembly Room,NULL,Edinburgh,EH6 7BG
959,1069,2022-09-30 00:46:59.3285397 +01:00,4.48E+11,Leith Assembly Room,NULL,Edinburgh,EH6 7BG
960,1070,2022-10-01 00:35:59.8563708 +01:00,4.48E+11,Leith Assembly Room,NULL,Edinburgh,EH6 7BG
961,1071,2022-10-01 00:49:24.6596269 +01:00,4.48E+11,Leith Assembly Room,NULL,Edinburgh,EH6 7BG
962,1072,2022-10-02 00:45:51.7728598 +01:00,4.48E+11,Leith Assembly Room,NULL,Edinburgh,EH6 7BG
963,1073,2022-10-03 00:35:42.0680647 +01:00,4.48E+11,Leith Assembly Room,NULL,Edinburgh,EH6 7BG
964,1074,2022-10-04 00:46:45.1236013 +01:00,4.48E+11,Leith Assembly Room,NULL,Edinburgh,EH6 7BG
965,1075,2022-10-05 00:35:36.1388798 +01:00,4.48E+11,Leith Assembly Room,NULL,Edinburgh,EH6 7BG
966,1076,2022-10-05 00:47:42.6423275 +01:00,4.48E+11,Leith Assembly Room,NULL,Edinburgh,EH6 7BG
967,1077,2022-10-06 00:35:59.1071861 +01:00,4.48E+11,Leith Assembly Room,NULL,Edinburgh,EH6 7BG
968,1078,2022-10-06 00:49:16.5940129 +01:00,4.48E+11,Leith Assembly Room,NULL,Edinburgh,EH6 7BG
969,1079,2022-09-18 00:48:44.5401878 +01:00,4.48E+11,Leith Assembly Room,NULL,Edinburgh,EH6 7BG
970,1080,2022-09-22 00:36:12.4575338 +01:00,4.48E+11,Leith Assembly Room,NULL,Edinburgh,EH6 7BG
971,1081,2022-09-27 00:47:30.0724058 +01:00,4.48E+11,Leith Assembly Room,NULL,Edinburgh,EH6 7BG
972,1082,2022-10-02 00:35:35.9462092 +01:00,4.48E+11,Leith Assembly Room,NULL,Edinburgh,EH6 7BG
973,1083,2022-10-03 00:46:12.2460363 +01:00,4.48E+11,Leith Assembly Room,NULL,Edinburgh,EH6 7BG
974,1084,2022-10-04 00:35:28.1805172 +01:00,4.48E+11,Leith Assembly Room,NULL,Edinburgh,EH6 7BG
975,1085,2022-10-07 00:35:29.7404242 +01:00,4.48E+11,Leith Assembly Room,NULL,Edinburgh,EH6 7BG
976,1086,2022-10-08 00:35:48.9247333 +01:00,4.48E+11,Leith Assembly Room,NULL,Edinburgh,EH6 7BG
977,1087,2022-10-08 00:49:27.8074862 +01:00,4.48E+11,Leith Assembly Room,NULL,Edinburgh,EH6 7BG
978,1088,2022-10-09 00:35:25.6684799 +01:00,4.48E+11,Leith Assembly Room,NULL,Edinburgh,EH6 7BG
979,1089,2022-10-09 00:46:08.5433765 +01:00,4.48E+11,Leith Assembly Room,NULL,Edinburgh,EH6 7BG
980,1090,2022-10-10 00:46:46.1090760 +01:00,4.48E+11,Leith Assembly Room,NULL,Edinburgh,EH6 7BG
981,1091,2022-10-07 00:48:18.4077547 +01:00,4.48E+11,Leith Assembly Room,NULL,Edinburgh,EH6 7BG
982,1092,2022-10-10 00:35:26.8062675 +01:00,4.48E+11,Leith Assembly Room,NULL,Edinburgh,EH6 7BG
983,1093,2022-10-19 15:18:47.8649007 +01:00,4412345678,123 Leith Street,NULL,Edinburgh,eh15 1ed
984,1094,2022-10-27 12:13:06.6853640 +01:00,4.48E+11,Constitution street,NULL,NULL,NULL
985,1095,2022-11-01 16:40:03.9773968 +00:00,4.48E+11,Leith Assembly Room,NULL,Edinburgh,EH6 7BG
986,1096,2022-11-01 16:36:03.1482844 +00:00,4.48E+11,Leith Assembly Room,NULL,Edinburgh,EH6 7BG
